-- NHAP DU LIEU  INSERT INTO BO_PHAN VALUES ('CV',N'Cắt Ván ') INSERT INTO BO_PHAN VALUES ('CN',N'Chà Nhám') INSERT INTO BO_PHAN VALUES ('DG',N'Đóng Gói') INSERT INTO BO_PHAN VALUES ('EV',N'Ép Viền') INSERT INTO BO_PHAN VALUES ('KH',N'Khoan') INSERT INTO BO_PHAN VALUES ('QC',N'QC') INSERT INTO BO_PHAN VALUES ('UV',N'UV') INSERT INTO BO_PHAN VALUES ('CD',N'Cơ Điện') INSERT INTO BO_PHAN VALUES ('KH',N'Kho') INSERT INTO BO_PHAN VALUES ('KT',N'Kế Toán') INSERT INTO BO_PHAN VALUES ('YTE',N'Y Tế') INSERT INTO BO_PHAN VALUES ('LR',N'Lắp Ráp') INSERT INTO BO_PHAN VALUES ('CONT',N'Lên Công') INSERT INTO BO_PHAN VALUES ('GD',N'GĐSX') INSERT INTO BO_PHAN VALUES ('TK',N'Thống Kê') INSERT INTO BO_PHAN VALUES ('TR',N'Tạo Rãnh') INSERT INTO BO_PHAN VALUES ('LR',N'Lắp Ráp') INSERT INTO BO_PHAN VALUES ('TV',N'Tổng Vụ') INSERT INTO BO_PHAN VALUES ('PK',N'Phối Ván') INSERT INTO BO_PHAN VALUES ('TM',N'Thu Mua') INSERT INTO BO_PHAN VALUES ('HT',N'Hàng Trắng');  --- INSERT INTO CHUC_VU VALUES('CQ',N'Chủ quản') INSERT INTO CHUC_VU VALUES('NV',N'Nhân viên');  INSERT INTO NHAN_VIEN (ID_NV,VIET_TAT,TEN_NV, ID_BOPHAN, ID_CV) VALUES (dbo.AUTO_IDNV(),N'NDP',N'Nguyễn Đức Phương','GD','CQ') INSERT INTO NHAN_VIEN (ID_NV,VIET_TAT,TEN_NV, ID_BOPHAN, ID_CV) VALUES (dbo.AUTO_IDNV(),N'LZW',N'Li Zhi Wei','UV','CQ') INSERT INTO NHAN_VIEN (ID_NV,VIET_TAT,TEN_NV, ID_BOPHAN, ID_CV) VALUES (dbo.AUTO_IDNV(),N'FDX',N'Fa Dong Xiang','QC','CQ') INSERT INTO NHAN_VIEN (ID_NV,VIET_TAT,TEN_NV, ID_BOPHAN, ID_CV) VALUES (dbo.AUTO_IDNV(),N'LF',N'Li Fu','CV','CQ') INSERT INTO NHAN_VIEN (ID_NV,VIET_TAT,TEN_NV, ID_BOPHAN, ID_CV) VALUES (dbo.AUTO_IDNV(),N'LW',N'Li Wei','KH','CQ') INSERT INTO NHAN_VIEN (ID_NV,VIET_TAT,TEN_NV, ID_BOPHAN, ID_CV) VALUES (dbo.AUTO_IDNV(),N'NĐP',N'Nguyễn Đức Phan','HT','CQ') INSERT INTO NHAN_VIEN (ID_NV,VIET_TAT,TEN_NV, ID_BOPHAN, ID_CV) VALUES (dbo.AUTO_IDNV(),N'LYL',N'Li Ying Lan','EV','CQ') INSERT INTO NHAN_VIEN (ID_NV,VIET_TAT,TEN_NV, ID_BOPHAN, ID_CV) VALUES (dbo.AUTO_IDNV(),N'HTH',N'Huang Tian Hui','DG','CQ') INSERT INTO NHAN_VIEN (ID_NV,VIET_TAT,TEN_NV, ID_BOPHAN, ID_CV) VALUES (dbo.AUTO_IDNV(),N'NTTH',N'Nguyễn Thị Thu Hồng','DG','NV') INSERT INTO NHAN_VIEN (ID_NV,VIET_TAT,TEN_NV, ID_BOPHAN, ID_CV) VALUES (dbo.AUTO_IDNV(),N'LVD',N'Lìu Vầy Dánh','QC','NV') INSERT INTO NHAN_VIEN (ID_NV,VIET_TAT,TEN_NV, ID_BOPHAN, ID_CV) VALUES (dbo.AUTO_IDNV(),N'PVV',N'Phạm Văn Vũ','DG','NV') INSERT INTO NHAN_VIEN (ID_NV,VIET_TAT,TEN_NV, ID_BOPHAN, ID_CV) VALUES (dbo.AUTO_IDNV(),N'HVL',N'Hồ Văn Lăng','TR','NV') INSERT INTO NHAN_VIEN (ID_NV,VIET_TAT,TEN_NV, ID_BOPHAN, ID_CV) VALUES (dbo.AUTO_IDNV(),N'NDS',N'Ngô Đình Sơn','KH','NV') INSERT INTO NHAN_VIEN (ID_NV,VIET_TAT,TEN_NV, ID_BOPHAN, ID_CV) VALUES (dbo.AUTO_IDNV(),N'HKL',N'Hín Khánh Loan','QC','NV') INSERT INTO NHAN_VIEN (ID_NV,VIET_TAT,TEN_NV, ID_BOPHAN, ID_CV) VALUES (dbo.AUTO_IDNV(),N'TQH',N'Triệu Quốc Hoàng','KH','NV') INSERT INTO NHAN_VIEN (ID_NV,VIET_TAT,TEN_NV, ID_BOPHAN, ID_CV) VALUES (dbo.AUTO_IDNV(),N'LTML',N'Lê Thị Mỹ Linh','TK','NV') INSERT INTO NHAN_VIEN (ID_NV,VIET_TAT,TEN_NV, ID_BOPHAN, ID_CV) VALUES (dbo.AUTO_IDNV(),N'ĐVT',N'Đặng Văn Thắng','LR','NV') INSERT INTO NHAN_VIEN (ID_NV,VIET_TAT,TEN_NV, ID_BOPHAN, ID_CV) VALUES (dbo.AUTO_IDNV(),N'NTPT',N'Ngô Thị Phương Trinh','UV','NV') INSERT INTO NHAN_VIEN (ID_NV,VIET_TAT,TEN_NV, ID_BOPHAN, ID_CV) VALUES (dbo.AUTO_IDNV(),N'DTNM',N'Đinh Thị Ngọc Mai','TV','NV') INSERT INTO NHAN_VIEN (ID_NV,VIET_TAT,TEN_NV, ID_BOPHAN, ID_CV) VALUES (dbo.AUTO_IDNV(),N'PHTR',N'Phan Huy Trịnh','CD','NV') INSERT INTO NHAN_VIEN (ID_NV,VIET_TAT,TEN_NV, ID_BOPHAN, ID_CV) VALUES (dbo.AUTO_IDNV(),N'HMT',N'Hồ Minh Trí','TV','NV') INSERT INTO NHAN_VIEN (ID_NV,VIET_TAT,TEN_NV, ID_BOPHAN, ID_CV) VALUES (dbo.AUTO_IDNV(),N'DTP',N'Đoàn Thị Phép','TV','NV') INSERT INTO NHAN_VIEN (ID_NV,VIET_TAT,TEN_NV, ID_BOPHAN, ID_CV) VALUES (dbo.AUTO_IDNV(),N'TCTN',N'Tô Cao Trúc Nhi','YTE','NV') INSERT INTO NHAN_VIEN (ID_NV,VIET_TAT,TEN_NV, ID_BOPHAN, ID_CV) VALUES (dbo.AUTO_IDNV(),N'DTHL',N'Đinh Thị Hồng Lụa','KT','NV') INSERT INTO NHAN_VIEN (ID_NV,VIET_TAT,TEN_NV, ID_BOPHAN, ID_CV) VALUES (dbo.AUTO_IDNV(),N'NMC',N'Nguyễn Mạnh Chiến','CV','NV') INSERT INTO NHAN_VIEN (ID_NV,VIET_TAT,TEN_NV, ID_BOPHAN, ID_CV) VALUES (dbo.AUTO_IDNV(),N'HTMN',N'Hồ Thị Mỹ Nhung','CONT','NV') INSERT INTO NHAN_VIEN (ID_NV,VIET_TAT,TEN_NV, ID_BOPHAN, ID_CV) VALUES (dbo.AUTO_IDNV(),N'NVSH',N'Ngô Vũ Sơn Hà','KH','NV') INSERT INTO NHAN_VIEN (ID_NV,VIET_TAT,TEN_NV, ID_BOPHAN, ID_CV) VALUES (dbo.AUTO_IDNV(),N'HHT',N'Hà Hữu Thắng','KH','NV') INSERT INTO NHAN_VIEN (ID_NV,VIET_TAT,TEN_NV, ID_BOPHAN, ID_CV) VALUES (dbo.AUTO_IDNV(),N'HTN',N'Hà Thuý Ngọc','DG','NV') INSERT INTO NHAN_VIEN (ID_NV,VIET_TAT,TEN_NV, ID_BOPHAN, ID_CV) VALUES (dbo.AUTO_IDNV(),N'TVK',N'Trần Văn Khanh','EV','NV') INSERT INTO NHAN_VIEN (ID_NV,VIET_TAT,TEN_NV, ID_BOPHAN, ID_CV) VALUES (dbo.AUTO_IDNV(),N'ĐQL',N'Đào Quan Lợi','LR','NV') INSERT INTO NHAN_VIEN (ID_NV,VIET_TAT,TEN_NV, ID_BOPHAN, ID_CV) VALUES (dbo.AUTO_IDNV(),N'VTN',N'Võ Thành Nhân','DG','NV') INSERT INTO NHAN_VIEN (ID_NV,VIET_TAT,TEN_NV, ID_BOPHAN, ID_CV) VALUES (dbo.AUTO_IDNV(),N'NTKA',N'Ngô Thị Kim Anh','DG','NV') INSERT INTO NHAN_VIEN (ID_NV,VIET_TAT,TEN_NV, ID_BOPHAN, ID_CV) VALUES (dbo.AUTO_IDNV(),N'VT',N'Vũ Tuấn','UV','NV') INSERT INTO NHAN_VIEN (ID_NV,VIET_TAT,TEN_NV, ID_BOPHAN, ID_CV) VALUES (dbo.AUTO_IDNV(),N'NBT',N'Nguyễn Biên Thuỳ','CN','NV') INSERT INTO NHAN_VIEN (ID_NV,VIET_TAT,TEN_NV, ID_BOPHAN, ID_CV) VALUES (dbo.AUTO_IDNV(),N'LVK',N'Luơng Văn Khanh','DG','NV') INSERT INTO NHAN_VIEN (ID_NV,VIET_TAT,TEN_NV, ID_BOPHAN, ID_CV) VALUES (dbo.AUTO_IDNV(),N'NVB',N'Nguyễn Văn Bình','UV','NV') INSERT INTO NHAN_VIEN (ID_NV,VIET_TAT,TEN_NV, ID_BOPHAN, ID_CV) VALUES (dbo.AUTO_IDNV(),N'NTL',N'Nguyễn Thị Lê','QC','NV') INSERT INTO NHAN_VIEN (ID_NV,VIET_TAT,TEN_NV, ID_BOPHAN, ID_CV) VALUES (dbo.AUTO_IDNV(),N'HVD',N'Hồ Văn Dương','UV','NV') INSERT INTO NHAN_VIEN (ID_NV,VIET_TAT,TEN_NV, ID_BOPHAN, ID_CV) VALUES (dbo.AUTO_IDNV(),N'NGDS',N'Nguyễn Đình Sơn','LR','NV') INSERT INTO NHAN_VIEN (ID_NV,VIET_TAT,TEN_NV, ID_BOPHAN, ID_CV) VALUES (dbo.AUTO_IDNV(),N'VDL',N'Vũ Đình Long','CV','NV') INSERT INTO NHAN_VIEN (ID_NV,VIET_TAT,TEN_NV, ID_BOPHAN, ID_CV) VALUES (dbo.AUTO_IDNV(),N'HTTR',N'Hoàng Thị Trang','DG','NV') INSERT INTO NHAN_VIEN (ID_NV,VIET_TAT,TEN_NV, ID_BOPHAN, ID_CV) VALUES (dbo.AUTO_IDNV(),N'TVN',N'Triệu Việt Nam','CD','NV') INSERT INTO NHAN_VIEN (ID_NV,VIET_TAT,TEN_NV, ID_BOPHAN, ID_CV) VALUES (dbo.AUTO_IDNV(),N'SK',N'Siu Kem','CV','NV') INSERT INTO NHAN_VIEN (ID_NV,VIET_TAT,TEN_NV, ID_BOPHAN, ID_CV) VALUES (dbo.AUTO_IDNV(),N'CP',N'Bùi Công Phúc','TR','NV') INSERT INTO NHAN_VIEN (ID_NV,VIET_TAT,TEN_NV, ID_BOPHAN, ID_CV) VALUES (dbo.AUTO_IDNV(),N'HHA',N'Hà Hồng Ân','QC','NV') INSERT INTO NHAN_VIEN (ID_NV,VIET_TAT,TEN_NV, ID_BOPHAN, ID_CV) VALUES (dbo.AUTO_IDNV(),N'NTML',N'Nguyễn Thị Mỹ Linh','DG','NV') INSERT INTO NHAN_VIEN (ID_NV,VIET_TAT,TEN_NV, ID_BOPHAN, ID_CV) VALUES (dbo.AUTO_IDNV(),N'VQV',N'Võ Quốc Vinh','LR','NV') INSERT INTO NHAN_VIEN (ID_NV,VIET_TAT,TEN_NV, ID_BOPHAN, ID_CV) VALUES (dbo.AUTO_IDNV(),N'LHV',N'Lý Hoàng Vũ','TK','NV') INSERT INTO NHAN_VIEN (ID_NV,VIET_TAT,TEN_NV, ID_BOPHAN, ID_CV) VALUES (dbo.AUTO_IDNV(),N'TVC',N'Trần Văn Chính','UV','NV') INSERT INTO NHAN_VIEN (ID_NV,VIET_TAT,TEN_NV, ID_BOPHAN, ID_CV) VALUES (dbo.AUTO_IDNV(),N'PQV',N'Phan Quang Vinh','KH','NV') INSERT INTO NHAN_VIEN (ID_NV,VIET_TAT,TEN_NV, ID_BOPHAN, ID_CV) VALUES (dbo.AUTO_IDNV(),N'PHT',N'Phan Huy Tuấn','DG','NV') INSERT INTO NHAN_VIEN (ID_NV,VIET_TAT,TEN_NV, ID_BOPHAN, ID_CV) VALUES (dbo.AUTO_IDNV(),N'NMU',N'Nguyễn Minh Uyên','CV','NV') INSERT INTO NHAN_VIEN (ID_NV,VIET_TAT,TEN_NV, ID_BOPHAN, ID_CV) VALUES (dbo.AUTO_IDNV(),N'DDD',N'Đặng Đại Duơng ','DG','NV') INSERT INTO NHAN_VIEN (ID_NV,VIET_TAT,TEN_NV, ID_BOPHAN, ID_CV) VALUES (dbo.AUTO_IDNV(),N'VTS',N'Vũ Thanh Sang ','DG','NV') INSERT INTO NHAN_VIEN (ID_NV,VIET_TAT,TEN_NV, ID_BOPHAN, ID_CV) VALUES (dbo.AUTO_IDNV(),N'DVS',N'Dương Văn Sứ','CONT','NV') INSERT INTO NHAN_VIEN (ID_NV,VIET_TAT,TEN_NV, ID_BOPHAN, ID_CV) VALUES (dbo.AUTO_IDNV(),N'VDH',N'Vũ Đình Hải','KH','NV') INSERT INTO NHAN_VIEN (ID_NV,VIET_TAT,TEN_NV, ID_BOPHAN, ID_CV) VALUES (dbo.AUTO_IDNV(),N'LVH',N'Lê Viết Hùng ','DG','NV') INSERT INTO NHAN_VIEN (ID_NV,VIET_TAT,TEN_NV, ID_BOPHAN, ID_CV) VALUES (dbo.AUTO_IDNV(),N'DVL',N'Đinh Viết Lâm','DG','NV') INSERT INTO NHAN_VIEN (ID_NV,VIET_TAT,TEN_NV, ID_BOPHAN, ID_CV) VALUES (dbo.AUTO_IDNV(),N'NNH',N'Nguyễn Như Hải ','UV','NV') INSERT INTO NHAN_VIEN (ID_NV,VIET_TAT,TEN_NV, ID_BOPHAN, ID_CV) VALUES (dbo.AUTO_IDNV(),N'DVC',N'Dương Văn Cợp ','EV','NV') INSERT INTO NHAN_VIEN (ID_NV,VIET_TAT,TEN_NV, ID_BOPHAN, ID_CV) VALUES (dbo.AUTO_IDNV(),N'LNV',N'Lê Nguyên Vũ','LR','NV') INSERT INTO NHAN_VIEN (ID_NV,VIET_TAT,TEN_NV, ID_BOPHAN, ID_CV) VALUES (dbo.AUTO_IDNV(),N'DTV',N'Diệp Trường Vũ','DG','NV') INSERT INTO NHAN_VIEN (ID_NV,VIET_TAT,TEN_NV, ID_BOPHAN, ID_CV) VALUES (dbo.AUTO_IDNV(),N'TPTL',N'Trương Phan Thành Luân ','DG','NV') INSERT INTO NHAN_VIEN (ID_NV,VIET_TAT,TEN_NV, ID_BOPHAN, ID_CV) VALUES (dbo.AUTO_IDNV(),N'TNY',N'Trần Ngọc Yến ','DG','NV') INSERT INTO NHAN_VIEN (ID_NV,VIET_TAT,TEN_NV, ID_BOPHAN, ID_CV) VALUES (dbo.AUTO_IDNV(),N'VVT',N'Vũ Văn Tùng','DG','NV') INSERT INTO NHAN_VIEN (ID_NV,VIET_TAT,TEN_NV, ID_BOPHAN, ID_CV) VALUES (dbo.AUTO_IDNV(),N'LA',N'Lâm An','DG','NV') INSERT INTO NHAN_VIEN (ID_NV,VIET_TAT,TEN_NV, ID_BOPHAN, ID_CV) VALUES (dbo.AUTO_IDNV(),N'HDC',N'Huỳnh Duy Cơ','CV','NV') INSERT INTO NHAN_VIEN (ID_NV,VIET_TAT,TEN_NV, ID_BOPHAN, ID_CV) VALUES (dbo.AUTO_IDNV(),N'LQT',N'Lê Quang Trung ','DG','NV') INSERT INTO NHAN_VIEN (ID_NV,VIET_TAT,TEN_NV, ID_BOPHAN, ID_CV) VALUES (dbo.AUTO_IDNV(),N'TRVH',N'Trần Văn Hùng','CONT','NV') INSERT INTO NHAN_VIEN (ID_NV,VIET_TAT,TEN_NV, ID_BOPHAN, ID_CV) VALUES (dbo.AUTO_IDNV(),N'VTP',N'Vũ Thanh Phú ','CONT','NV') INSERT INTO NHAN_VIEN (ID_NV,VIET_TAT,TEN_NV, ID_BOPHAN, ID_CV) VALUES (dbo.AUTO_IDNV(),N'KHT',N'Kpă Hờ Trí ','DG','NV') INSERT INTO NHAN_VIEN (ID_NV,VIET_TAT,TEN_NV, ID_BOPHAN, ID_CV) VALUES (dbo.AUTO_IDNV(),N'NBTH',N'Nguyễn Bá Thái','UV','NV') INSERT INTO NHAN_VIEN (ID_NV,VIET_TAT,TEN_NV, ID_BOPHAN, ID_CV) VALUES (dbo.AUTO_IDNV(),N'NGVL',N'Ngô Văn Lộc','DG','NV') INSERT INTO NHAN_VIEN (ID_NV,VIET_TAT,TEN_NV, ID_BOPHAN, ID_CV) VALUES (dbo.AUTO_IDNV(),N'VVH',N'Vũ Văn Hà','DG','NV') INSERT INTO NHAN_VIEN (ID_NV,VIET_TAT,TEN_NV, ID_BOPHAN, ID_CV) VALUES (dbo.AUTO_IDNV(),N'NHE',N'Ngô Hoàng Em','DG','NV') INSERT INTO NHAN_VIEN (ID_NV,VIET_TAT,TEN_NV, ID_BOPHAN, ID_CV) VALUES (dbo.AUTO_IDNV(),N'LTVL',N'Lê Trần Viết Lâm','DG','NV') INSERT INTO NHAN_VIEN (ID_NV,VIET_TAT,TEN_NV, ID_BOPHAN, ID_CV) VALUES (dbo.AUTO_IDNV(),N'HVC',N'Hồ Văn Cường','CONT','NV') INSERT INTO NHAN_VIEN (ID_NV,VIET_TAT,TEN_NV, ID_BOPHAN, ID_CV) VALUES (dbo.AUTO_IDNV(),N'NNGH',N'Nguyễn Ngọc Hiếu','TM','NV') INSERT INTO NHAN_VIEN (ID_NV,VIET_TAT,TEN_NV, ID_BOPHAN, ID_CV) VALUES (dbo.AUTO_IDNV(),N'ĐTV',N'Đào Tín Vũ','DG','NV') INSERT INTO NHAN_VIEN (ID_NV,VIET_TAT,TEN_NV, ID_BOPHAN, ID_CV) VALUES (dbo.AUTO_IDNV(),N'NGVH',N'Nguyễn Văn Hải','DG','NV') INSERT INTO NHAN_VIEN (ID_NV,VIET_TAT,TEN_NV, ID_BOPHAN, ID_CV) VALUES (dbo.AUTO_IDNV(),N'NQH',N'Nguyễn Quốc Hưng','KH','NV') INSERT INTO NHAN_VIEN (ID_NV,VIET_TAT,TEN_NV, ID_BOPHAN, ID_CV) VALUES (dbo.AUTO_IDNV(),N'TRVT',N'Trần Văn Tuyến ','DG','NV') INSERT INTO NHAN_VIEN (ID_NV,VIET_TAT,TEN_NV, ID_BOPHAN, ID_CV) VALUES (dbo.AUTO_IDNV(),N'TTT',N'Thôi Thanh Tú ','DG','NV') INSERT INTO NHAN_VIEN (ID_NV,VIET_TAT,TEN_NV, ID_BOPHAN, ID_CV) VALUES (dbo.AUTO_IDNV(),N'LTT',N'Lê Thanh Tuyền ','DG','NV') INSERT INTO NHAN_VIEN (ID_NV,VIET_TAT,TEN_NV, ID_BOPHAN, ID_CV) VALUES (dbo.AUTO_IDNV(),N'QMS',N'Quang Minh Sạch','DG','NV') INSERT INTO NHAN_VIEN (ID_NV,VIET_TAT,TEN_NV, ID_BOPHAN, ID_CV) VALUES (dbo.AUTO_IDNV(),N'TRTH',N'Truơng Trung Hiếu','DG','NV') INSERT INTO NHAN_VIEN (ID_NV,VIET_TAT,TEN_NV, ID_BOPHAN, ID_CV) VALUES (dbo.AUTO_IDNV(),N'PNL',N'Phan Nhật Lương','CONT','NV') INSERT INTO NHAN_VIEN (ID_NV,VIET_TAT,TEN_NV, ID_BOPHAN, ID_CV) VALUES (dbo.AUTO_IDNV(),N'VQVU',N'Võ Quốc Vũ','DG','NV') INSERT INTO NHAN_VIEN (ID_NV,VIET_TAT,TEN_NV, ID_BOPHAN, ID_CV) VALUES (dbo.AUTO_IDNV(),N'TRTB',N'Trần Thanh Bạch','CN','NV') INSERT INTO NHAN_VIEN (ID_NV,VIET_TAT,TEN_NV, ID_BOPHAN, ID_CV) VALUES (dbo.AUTO_IDNV(),N'NVHY',N'Nguyễn Văn Huy','UV','NV') INSERT INTO NHAN_VIEN (ID_NV,VIET_TAT,TEN_NV, ID_BOPHAN, ID_CV) VALUES (dbo.AUTO_IDNV(),N'VOQV',N'Võ Quốc Vũ','DG','NV') INSERT INTO NHAN_VIEN (ID_NV,VIET_TAT,TEN_NV, ID_BOPHAN, ID_CV) VALUES (dbo.AUTO_IDNV(),N'NTHT',N'Nguyễn Thị Tình','TK','NV') INSERT INTO NHAN_VIEN (ID_NV,VIET_TAT,TEN_NV, ID_BOPHAN, ID_CV) VALUES (dbo.AUTO_IDNV(),N'NVT',N'Nguyễn Văn Tý','EV','NV') INSERT INTO NHAN_VIEN (ID_NV,VIET_TAT,TEN_NV, ID_BOPHAN, ID_CV) VALUES (dbo.AUTO_IDNV(),N'DDT',N'Đinh Đức Thiện','DG','NV') INSERT INTO NHAN_VIEN (ID_NV,VIET_TAT,TEN_NV, ID_BOPHAN, ID_CV) VALUES (dbo.AUTO_IDNV(),N'HMN',N'Hứa Minh Nguyên','PK','NV') INSERT INTO NHAN_VIEN (ID_NV,VIET_TAT,TEN_NV, ID_BOPHAN, ID_CV) VALUES (dbo.AUTO_IDNV(),N'DL',N'Điểu Long','PK','NV') INSERT INTO NHAN_VIEN (ID_NV,VIET_TAT,TEN_NV, ID_BOPHAN, ID_CV) VALUES (dbo.AUTO_IDNV(),N'TTL',N'Trần Trúc Linh','CONT','NV') INSERT INTO NHAN_VIEN (ID_NV,VIET_TAT,TEN_NV, ID_BOPHAN, ID_CV) VALUES (dbo.AUTO_IDNV(),N'VHM',N'Vũ Hoàng Minh','CV','NV') INSERT INTO NHAN_VIEN (ID_NV,VIET_TAT,TEN_NV, ID_BOPHAN, ID_CV) VALUES (dbo.AUTO_IDNV(),N'HVH',N'Hà Văn Hợp','DG','NV') INSERT INTO NHAN_VIEN (ID_NV,VIET_TAT,TEN_NV, ID_BOPHAN, ID_CV) VALUES (dbo.AUTO_IDNV(),N'NVL',N'Nguyễn Văn Lắm','UV','NV') INSERT INTO NHAN_VIEN (ID_NV,VIET_TAT,TEN_NV, ID_BOPHAN, ID_CV) VALUES (dbo.AUTO_IDNV(),N'TL',N'Thạch Luân','DG','NV') INSERT INTO NHAN_VIEN (ID_NV,VIET_TAT,TEN_NV, ID_BOPHAN, ID_CV) VALUES (dbo.AUTO_IDNV(),N'MVL',N'Mạc Văn Lưỡng','PK','NV') INSERT INTO NHAN_VIEN (ID_NV,VIET_TAT,TEN_NV, ID_BOPHAN, ID_CV) VALUES (dbo.AUTO_IDNV(),N'NQK',N'Nguyễn Quốc Khánh','QC','NV') INSERT INTO NHAN_VIEN (ID_NV,VIET_TAT,TEN_NV, ID_BOPHAN, ID_CV) VALUES (dbo.AUTO_IDNV(),N'NVĐ',N'Nguyễn Văn Điền','DG','NV') INSERT INTO NHAN_VIEN (ID_NV,VIET_TAT,TEN_NV, ID_BOPHAN, ID_CV) VALUES (dbo.AUTO_IDNV(),N'MTL',N'Mai Thành Long','DG','NV') INSERT INTO NHAN_VIEN (ID_NV,VIET_TAT,TEN_NV, ID_BOPHAN, ID_CV) VALUES (dbo.AUTO_IDNV(),N'PNH',N'Phan Nhật Huy','PV','NV') INSERT INTO NHAN_VIEN (ID_NV,VIET_TAT,TEN_NV, ID_BOPHAN, ID_CV) VALUES (dbo.AUTO_IDNV(),N'NVH',N'Nguyễn Văn Hải','PV','NV') INSERT INTO NHAN_VIEN (ID_NV,VIET_TAT,TEN_NV, ID_BOPHAN, ID_CV) VALUES (dbo.AUTO_IDNV(),N'NTTN',N'Nguyễn Thị Thanh Nở','KH','NV') INSERT INTO NHAN_VIEN (ID_NV,VIET_TAT,TEN_NV, ID_BOPHAN, ID_CV) VALUES (dbo.AUTO_IDNV(),N'HBH',N'Huỳnh Bé Huynh','EV','NV') INSERT INTO NHAN_VIEN (ID_NV,VIET_TAT,TEN_NV, ID_BOPHAN, ID_CV) VALUES (dbo.AUTO_IDNV(),N'LNS',N'Lý Nhộc Sáng','TM','NV') INSERT INTO NHAN_VIEN (ID_NV,VIET_TAT,TEN_NV, ID_BOPHAN, ID_CV) VALUES (dbo.AUTO_IDNV(),N'PĐQ',N'Phạm Đình Quân','KH','NV') INSERT INTO NHAN_VIEN (ID_NV,VIET_TAT,TEN_NV, ID_BOPHAN, ID_CV) VALUES (dbo.AUTO_IDNV(),N'ĐXL',N'Đinh Xuân Lãm','PV','NV') INSERT INTO NHAN_VIEN (ID_NV,VIET_TAT,TEN_NV, ID_BOPHAN, ID_CV) VALUES (dbo.AUTO_IDNV(),N'HTTH',N'Hoàng Thị Thúy Hà','CN','NV') INSERT INTO NHAN_VIEN (ID_NV,VIET_TAT,TEN_NV, ID_BOPHAN, ID_CV) VALUES (dbo.AUTO_IDNV(),N'VH',N'Nguyễn Văn Huy','UV','NV') INSERT INTO NHAN_VIEN (ID_NV,VIET_TAT,TEN_NV, ID_BOPHAN, ID_CV) VALUES (dbo.AUTO_IDNV(),N'HMĐ',N'Hùng Minh Đức','QC','NV') INSERT INTO NHAN_VIEN (ID_NV,VIET_TAT,TEN_NV, ID_BOPHAN, ID_CV) VALUES (dbo.AUTO_IDNV(),N'UY',N'Trương Thái Hải Uy','EV','NV') INSERT INTO NHAN_VIEN (ID_NV,VIET_TAT,TEN_NV, ID_BOPHAN, ID_CV) VALUES (dbo.AUTO_IDNV(),N'PMT',N'Phạm Minh Ta','DG','NV') INSERT INTO NHAN_VIEN (ID_NV,VIET_TAT,TEN_NV, ID_BOPHAN, ID_CV) VALUES (dbo.AUTO_IDNV(),N'QVP',N'Quang Văn Phúc','TR','NV') INSERT INTO NHAN_VIEN (ID_NV,VIET_TAT,TEN_NV, ID_BOPHAN, ID_CV) VALUES (dbo.AUTO_IDNV(),N'VTH',N'Vũ Thị Hường','CONT','NV') INSERT INTO NHAN_VIEN (ID_NV,VIET_TAT,TEN_NV, ID_BOPHAN, ID_CV) VALUES (dbo.AUTO_IDNV(),N'KNL',N'Kiều Ninh Luân','PV','NV') INSERT INTO NHAN_VIEN (ID_NV,VIET_TAT,TEN_NV, ID_BOPHAN, ID_CV) VALUES (dbo.AUTO_IDNV(),N'NDQ',N'Nguyễn Duy Quang','EV','NV')    INSERT INTO NHOM_VTU VALUES('BTP',N'Bán Thành Phẩm') INSERT INTO NHOM_VTU VALUES('GHD',N'Giấy Hướng Dẫn') INSERT INTO NHOM_VTU VALUES('NK',N'Ngũ Kim') INSERT INTO NHOM_VTU VALUES('NVL',N'Nguyên Vật Liệu') INSERT INTO NHOM_VTU VALUES('TH',N'Tiêu Hao')  INSERT INTO DVT VALUES('BA',N'BAO') INSERT INTO DVT VALUES('PCS',N'CÁI') INSERT INTO DVT VALUES('CA',N'CÂY') INSERT INTO DVT VALUES('CO',N'CON') INSERT INTO DVT VALUES('CU',N'CUỘN') INSERT INTO DVT VALUES('HO',N'HỘP') INSERT INTO DVT VALUES('KG',N'KILOGRAM') INSERT INTO DVT VALUES('LO',N'LỌ') INSERT INTO DVT VALUES('TA',N'TẤM') INSERT INTO DVT VALUES('TO',N'TỜ') INSERT INTO DVT VALUES('VI',N'VỈ')  INSERT INTO NCC (ID_NCC,TEN_NCC,DIACHI,VIET_TAT) VALUES (dbo.AUTO_NCC(),N'CÔNG TY TNHH TM DV THIÊN PHÚ VINH',N'Xã Bắc Sơn, Huyện Trảng Bom, Tỉnh Đồng Nai','TPV') INSERT INTO NCC (ID_NCC,TEN_NCC,DIACHI,VIET_TAT) VALUES (dbo.AUTO_NCC(),N'CÔNG TY TNHH VIỆT KHANG THÂM',N'KCN Rạch Bắp, X. An Tây, TX. Bến Cát, Bình Dương','VKT') INSERT INTO NCC (ID_NCC,TEN_NCC,DIACHI,VIET_TAT) VALUES (dbo.AUTO_NCC(),N'CÔNG TY THỊNH KIM NGUYÊN',N'Xã Bình Minh, Huyện Trảng Bom, Tỉnh Đồng Nai','KN') INSERT INTO NCC (ID_NCC,TEN_NCC,DIACHI,VIET_TAT) VALUES (dbo.AUTO_NCC(),N'CÔNG TY TNHH DUY THỊNH PHÁT',N'Thị Trấn Trảng Bom, Huyện Trảng Bom, Tỉnh Đồng Nai','DTP') INSERT INTO NCC (ID_NCC,TEN_NCC,DIACHI,VIET_TAT) VALUES (dbo.AUTO_NCC(),N'CÔNG TY TNHH GỖ CHUANG XIN',N'Phường Khánh Bình, Thành phố Tân Uyên, Tỉnh Bình Dương','GCX') INSERT INTO NCC (ID_NCC,TEN_NCC,DIACHI,VIET_TAT) VALUES (dbo.AUTO_NCC(),N'CÔNG TY TNHH CÁCH NHIỆT HƯNG PHÁT',N'Phường Cát Lái, Thành phố Thủ Đức, Thành phố Hồ Chí Minh','NHP') INSERT INTO NCC (ID_NCC,TEN_NCC,DIACHI,VIET_TAT) VALUES (dbo.AUTO_NCC(),N'CÔNG TY TNHH THƯƠNG MẠI LINYI VALTAL',N'Phường Hoà Phú, Thành phố Thủ Dầu Một, Tỉnh Bình Dương','LV') INSERT INTO NCC (ID_NCC,TEN_NCC,DIACHI,VIET_TAT) VALUES (dbo.AUTO_NCC(),N'CÔNG TY TNHH PHÚC THỊNH',N'Phường Trảng dài, , Thành phố Biên Hoà, Tỉnh Đồng Nai','PT') INSERT INTO NCC (ID_NCC,TEN_NCC,DIACHI,VIET_TAT) VALUES (dbo.AUTO_NCC(),N'CÔNG TY TNHH MỘT THÀNH VIÊN HUỆ QUẢNG',N'Phường Khánh Bình, Thành phố Tân Uyên, Tỉnh Bình Dương','VHQ') INSERT INTO NCC (ID_NCC,TEN_NCC,DIACHI,VIET_TAT) VALUES (dbo.AUTO_NCC(),N'CÔNG TY CỔ PHẦN SẢN XUẤT A-ONE TIMBER VIỆT NAM',N'Khu công nghiệp Hoà Phú, Xã Mai Đình, Huyện Hiệp Hoà, Tỉnh Bắc Giang','TIMBER') INSERT INTO NCC (ID_NCC,TEN_NCC,DIACHI,VIET_TAT) VALUES (dbo.AUTO_NCC(),N'CÔNG TY TNHH KIM KHANG PHÁT',N'Phường Tam Hòa, Thành phố Biên Hoà, Tỉnh Đồng Nai','KKP') INSERT INTO NCC (ID_NCC,TEN_NCC,DIACHI,VIET_TAT) VALUES (dbo.AUTO_NCC(),N'CÔNG TY TNHH MTV GREEN WOOD',N'Xã Đồng Xuân, Huyện Thanh Ba, Tỉnh Phú Thọ','GW') INSERT INTO NCC (ID_NCC,TEN_NCC,DIACHI,VIET_TAT) VALUES (dbo.AUTO_NCC(),N'HONG KONG REDSALL',N'Hồng Kông','HK') INSERT INTO NCC (ID_NCC,TEN_NCC,DIACHI,VIET_TAT) VALUES (dbo.AUTO_NCC(),N'CÔNG TY TNHH FU SHENG PACKING MATERIAL PRODUCTS',N'Xã Đất Cuốc, Huyện Bắc Tân Uyên, Tỉnh Bình Dương','FMP') INSERT INTO NCC (ID_NCC,TEN_NCC,DIACHI,VIET_TAT) VALUES (dbo.AUTO_NCC(),N'FUZHOU DONGJINLONG HARDWARE',N'Trung Quốc','FDH') INSERT INTO NCC (ID_NCC,TEN_NCC,DIACHI,VIET_TAT) VALUES (dbo.AUTO_NCC(),N'CÔNG TY TNHH THIẾT NHẬT',N'Phường Hiệp Bình Phước, Thành phố Thủ Đức, Thành phố Hồ Chí Minh','TN') INSERT INTO NCC (ID_NCC,TEN_NCC,DIACHI,VIET_TAT) VALUES (dbo.AUTO_NCC(),N'CÔNG TY TNHH LƯỠI CƯA AN BÌNH',N'Phường Bình Chuẩn, Thành phố Thuận An, Tỉnh Bình Dương','AB') INSERT INTO NCC (ID_NCC,TEN_NCC,DIACHI,VIET_TAT) VALUES (dbo.AUTO_NCC(),N'CÔNG TY TNHH LEITZ LEITZ TOOLING',N'KCN Long Đức, Xã An Phước, Huyện Long Thành, Tỉnh Đồng Nai','LLT') INSERT INTO NCC (ID_NCC,TEN_NCC,DIACHI,VIET_TAT) VALUES (dbo.AUTO_NCC(),N'CÔNG TY TNHH THƯƠNG MẠI DỊCH VỤ POWER TOOLS',N'Phường Tân Biên, Thành phố Biên Hoà, Tỉnh Đồng Nai','PW') INSERT INTO NCC (ID_NCC,TEN_NCC,DIACHI,VIET_TAT) VALUES (dbo.AUTO_NCC(),N'CÔNG TY TNHH SẢN XUẤT THƯƠNG MẠI DỊCH VỤ LAM TÙNG',N'Phường Quyết Thắng, Thành phố Biên Hoà, Tỉnh Đồng Nai','LT') INSERT INTO NCC (ID_NCC,TEN_NCC,DIACHI,VIET_TAT) VALUES (dbo.AUTO_NCC(),N'CÔNG TY TNHH MỘT THÀNH VIÊN CÔNG NGHIỆP RI KEN BÌNH DƯƠNG',N'KCN Sóng Thần 3, Phường Phú Tân, Thành phố Thủ Dầu Một, Tỉnh Bình Dương','RK') INSERT INTO NCC (ID_NCC,TEN_NCC,DIACHI,VIET_TAT) VALUES (dbo.AUTO_NCC(),N'CÔNG TY TNHH THIẾT BỊ PHỤ TÙNG ASAHI',N'Xã Đan Phượng, Huyện Đan Phượng, Thành phố Hà Nội','ASH') INSERT INTO NCC (ID_NCC,TEN_NCC,DIACHI,VIET_TAT) VALUES (dbo.AUTO_NCC(),N'CÔNG TY TNHH HƯNG HẰNG THÁI',N'Phường Chánh Nghĩa, Thành phố Thủ Dầu Một, Tỉnh Bình Dương','HHT') INSERT INTO NCC (ID_NCC,TEN_NCC,DIACHI,VIET_TAT) VALUES (dbo.AUTO_NCC(),N'CÔNG TY TNHH MỘT THÀNH VIÊN WOOD MASTER FURNITURE',N'Phường Tân Vĩnh Hiệp, Thành phố Tân Uyên, Tỉnh Bình Dương','WMF') INSERT INTO NCC (ID_NCC,TEN_NCC,DIACHI,VIET_TAT) VALUES (dbo.AUTO_NCC(),N'CÔNG TY TNHH TRƯỜNG PHÙNG ',N'Phường Tân Phước Khánh, Thành phố Tân Uyên, Tỉnh Bình Dương','TP') INSERT INTO NCC (ID_NCC,TEN_NCC,DIACHI,VIET_TAT) VALUES (dbo.AUTO_NCC(),N'CÔNG TY FUZHOU DAWAWU FURNITURE',N'Trung Quốc','FDF') INSERT INTO NCC (ID_NCC,TEN_NCC,DIACHI,VIET_TAT) VALUES (dbo.AUTO_NCC(),N'CÔNG TY TNHH SX TM DV ĐỨC SÂM',N'Phường Tân Đông Hiệp, Thành phố Dĩ An, Tỉnh Bình Dương','ĐS') INSERT INTO NCC (ID_NCC,TEN_NCC,DIACHI,VIET_TAT) VALUES (dbo.AUTO_NCC(),N'KAOHSIUNG',N'Taiwan','TW') INSERT INTO NCC (ID_NCC,TEN_NCC,DIACHI,VIET_TAT) VALUES (dbo.AUTO_NCC(),N'CÔNG TY TNHH BAO BÌ LÂM ĐẠT',N'Xã Hố Nai 3, Huyện Trảng Bom, Tỉnh Đồng Nai','LĐ') INSERT INTO NCC (ID_NCC,TEN_NCC,DIACHI,VIET_TAT) VALUES (dbo.AUTO_NCC(),N'CÔNG TY CỔ PHẦN WOODSLAND TUYÊN QUANG',N'Thị trấn Yên Sơn, Huyện Yên Sơn, Tỉnh Tuyên Quang','PTQ') INSERT INTO NCC (ID_NCC,TEN_NCC,DIACHI,VIET_TAT) VALUES (dbo.AUTO_NCC(),N'CÔNG TY TNHH ÍCH SAI',N'KCN Sóng Thần 2, Phường Dĩ An, Thành phố Dĩ An, Bình Dương','IS') INSERT INTO NCC (ID_NCC,TEN_NCC,DIACHI,VIET_TAT) VALUES (dbo.AUTO_NCC(),N'CÔNG TY TNHH THƯƠNG MẠI U.R.I',N'Phường An Phú, Thành phố Thủ Đức, Thành phố Hồ Chí Minh','URI') INSERT INTO NCC (ID_NCC,TEN_NCC,DIACHI,VIET_TAT) VALUES (dbo.AUTO_NCC(),N'CÔNG TY TNHH THIẾT BỊ CÔNG NGHIỆP NHỊP CẦU VIỆT',N'Phường Long Bình, Thành phố Biên Hoà, Tỉnh Đồng Nai','CV') INSERT INTO NCC (ID_NCC,TEN_NCC,DIACHI,VIET_TAT) VALUES (dbo.AUTO_NCC(),N'CÔNG TY TNHH MTV H2O TOOL',N'Phường Tân Đông Hiệp, Thành phố Dĩ An, Tỉnh Bình Dương','H2O') INSERT INTO NCC (ID_NCC,TEN_NCC,DIACHI,VIET_TAT) VALUES (dbo.AUTO_NCC(),N'CÔNG TY TNHH GABINUS',N'Phường 27, Quận Bình Thạnh, Thành phố Hồ Chí Minh','GB') INSERT INTO NCC (ID_NCC,TEN_NCC,DIACHI,VIET_TAT) VALUES (dbo.AUTO_NCC(),N'CÔNG TY TNHH THIẾT BỊ CÔNG NGHIỆP N.A.G.O.Y.A',N'Huyện Bình Chánh, Thành phố Hồ Chí Minh','NAG') INSERT INTO NCC (ID_NCC,TEN_NCC,DIACHI,VIET_TAT) VALUES (dbo.AUTO_NCC(),N'CƠ SỞ HẠNH PHÚC PHÚ',N'Huyện Trảng Bom, Tỉnh Đồng Nai','PP') INSERT INTO NCC (ID_NCC,TEN_NCC,DIACHI,VIET_TAT) VALUES (dbo.AUTO_NCC(),N'CÔNG TY CỔ PHẦN KỸ THUẬT TÍN HIỆP',N'Phường Hiệp Bình Phước, Thành phố Thủ Đức, Thành phố Hồ Chí Minh','TH')   INSERT INTO PHAN_QUYEN VALUES ('ID_AD','ADMIN') INSERT INTO PHAN_QUYEN VALUES ('ID_NV','NHÂN VIÊN')  INSERT INTO ACCOUNT VALUES ('ADMIN','123','ID_AD') INSERT INTO ACCOUNT VALUES('THUONG','123','ID_NV')   INSERT INTO VAT_TU (ID_VTU,VIET_TAT, TEN_VTU, ID_DVT, ID_NHOMVTU) VALUES ('VT0000001 ',N'VE3',N'Ván ép 3 mm','TA','NVL')
INSERT INTO VAT_TU (ID_VTU,VIET_TAT, TEN_VTU, ID_DVT, ID_NHOMVTU) VALUES ('VT0000002',N'VE5.2',N'Ván ép 5.2','TA','NVL')
INSERT INTO VAT_TU (ID_VTU,VIET_TAT, TEN_VTU, ID_DVT, ID_NHOMVTU) VALUES ('VT0000003',N'VE5.2-D',N'Ván ép 5.2 mm D+/D+','TA','NVL')
INSERT INTO VAT_TU (ID_VTU,VIET_TAT, TEN_VTU, ID_DVT, ID_NHOMVTU) VALUES ('VT0000004',N'VE8',N'Ván ép 8mm','TA','NVL')
INSERT INTO VAT_TU (ID_VTU,VIET_TAT, TEN_VTU, ID_DVT, ID_NHOMVTU) VALUES ('VT0000005',N'VE9',N'Ván ép 9mm','TA','NVL')
INSERT INTO VAT_TU (ID_VTU,VIET_TAT, TEN_VTU, ID_DVT, ID_NHOMVTU) VALUES ('VT0000006',N'VE12',N'Ván ép 12mm','TA','NVL')
INSERT INTO VAT_TU (ID_VTU,VIET_TAT, TEN_VTU, ID_DVT, ID_NHOMVTU) VALUES ('VT0000007',N'VE12-D',N'Ván ép 12mm D+/D+','TA','NVL')
INSERT INTO VAT_TU (ID_VTU,VIET_TAT, TEN_VTU, ID_DVT, ID_NHOMVTU) VALUES ('VT0000008',N'VE15',N'Ván ép 15mm','TA','NVL')
INSERT INTO VAT_TU (ID_VTU,VIET_TAT, TEN_VTU, ID_DVT, ID_NHOMVTU) VALUES ('VT0000009',N'VE15-D',N'Ván ép 15mm D+/D+','TA','NVL')
INSERT INTO VAT_TU (ID_VTU,VIET_TAT, TEN_VTU, ID_DVT, ID_NHOMVTU) VALUES ('VT0000010',N'VE15-3M',N'Ván ép 15 D+/D+-3m','TA','NVL')
INSERT INTO VAT_TU (ID_VTU,VIET_TAT, TEN_VTU, ID_DVT, ID_NHOMVTU) VALUES ('VT0000011',N'VE18',N'Ván ép 18mm','TA','NVL')
INSERT INTO VAT_TU (ID_VTU,VIET_TAT, TEN_VTU, ID_DVT, ID_NHOMVTU) VALUES ('VT0000012',N'VE18-D',N'Ván ép 18mm D+/D+','TA','NVL')
INSERT INTO VAT_TU (ID_VTU,VIET_TAT, TEN_VTU, ID_DVT, ID_NHOMVTU) VALUES ('VT0000013',N'VE5.2-SS',N'Ván ép 5.2 OAK','TA','NVL')
INSERT INTO VAT_TU (ID_VTU,VIET_TAT, TEN_VTU, ID_DVT, ID_NHOMVTU) VALUES ('VT0000014',N'VE12-SS',N'Ván ép 12 OAK','TA','NVL')
INSERT INTO VAT_TU (ID_VTU,VIET_TAT, TEN_VTU, ID_DVT, ID_NHOMVTU) VALUES ('VT0000015',N'VE15-SS',N'Ván ép 15 OAK','TA','NVL')
INSERT INTO VAT_TU (ID_VTU,VIET_TAT, TEN_VTU, ID_DVT, ID_NHOMVTU) VALUES ('VT0000016',N'VE18-SS',N'Ván ép 18 OAK','TA','NVL')
INSERT INTO VAT_TU (ID_VTU,VIET_TAT, TEN_VTU, ID_DVT, ID_NHOMVTU) VALUES ('VT0000017',N'VL15',N'Ván lạng cạnh Birch 15','CU','NVL')
INSERT INTO VAT_TU (ID_VTU,VIET_TAT, TEN_VTU, ID_DVT, ID_NHOMVTU) VALUES ('VT0000018',N'VL18',N'Ván lạng cạnh Birch 18','CU','NVL')
INSERT INTO VAT_TU (ID_VTU,VIET_TAT, TEN_VTU, ID_DVT, ID_NHOMVTU) VALUES ('VT0000019',N'VL21',N'Ván lạng cạnh Birch 21','CU','NVL')
INSERT INTO VAT_TU (ID_VTU,VIET_TAT, TEN_VTU, ID_DVT, ID_NHOMVTU) VALUES ('VT0000020',N'VL15-OAK',N'Ván lạng cạnh Birch OAK  15','CU','NVL')
INSERT INTO VAT_TU (ID_VTU,VIET_TAT, TEN_VTU, ID_DVT, ID_NHOMVTU) VALUES ('VT0000021',N'VL18-OAK',N'Ván lạng cạnh Birch OAK  18','CU','NVL')
INSERT INTO VAT_TU (ID_VTU,VIET_TAT, TEN_VTU, ID_DVT, ID_NHOMVTU) VALUES ('VT0000022',N'VL21-OAK',N'Ván lạng cạnh Birch OAK  21','CU','NVL')
INSERT INTO VAT_TU (ID_VTU,VIET_TAT, TEN_VTU, ID_DVT, ID_NHOMVTU) VALUES ('VT0000023',N'CG6X30',N'Chốt gỗ 6x30','PCS','NVL')
INSERT INTO VAT_TU (ID_VTU,VIET_TAT, TEN_VTU, ID_DVT, ID_NHOMVTU) VALUES ('VT0000024',N'CG8X20',N'Chốt gỗ 8x20','PCS','NVL')
INSERT INTO VAT_TU (ID_VTU,VIET_TAT, TEN_VTU, ID_DVT, ID_NHOMVTU) VALUES ('VT0000025',N'CG8',N'Chốt gỗ 8x30','PCS','NVL')
INSERT INTO VAT_TU (ID_VTU,VIET_TAT, TEN_VTU, ID_DVT, ID_NHOMVTU) VALUES ('VT0000026',N'CG8X38',N'Chốt gỗ 8x38 (WR3618)','PCS','NK')
INSERT INTO VAT_TU (ID_VTU,VIET_TAT, TEN_VTU, ID_DVT, ID_NHOMVTU) VALUES ('VT0000027',N'SCREW-10',N'Vít đinh Bản3x10 trắng','PCS','NK')
INSERT INTO VAT_TU (ID_VTU,VIET_TAT, TEN_VTU, ID_DVT, ID_NHOMVTU) VALUES ('VT0000028',N'SCREW-12',N'Vít đinh Bản3x12 trắng (CDB)','PCS','NK')
INSERT INTO VAT_TU (ID_VTU,VIET_TAT, TEN_VTU, ID_DVT, ID_NHOMVTU) VALUES ('VT0000029',N'SCREW-4X12',N'Vít đinh bản 4x12 kẽm','PCS','NK')
INSERT INTO VAT_TU (ID_VTU,VIET_TAT, TEN_VTU, ID_DVT, ID_NHOMVTU) VALUES ('VT0000030',N'SCREW-4.0X12',N'Vít đinh bản 4x12 niken','PCS','NK')
INSERT INTO VAT_TU (ID_VTU,VIET_TAT, TEN_VTU, ID_DVT, ID_NHOMVTU) VALUES ('VT0000031',N'SCREW-3X15',N'Vít đinh bản 3x15 Trắng','PCS','NK')
INSERT INTO VAT_TU (ID_VTU,VIET_TAT, TEN_VTU, ID_DVT, ID_NHOMVTU) VALUES ('VT0000032',N'SCREW-16',N'Vít đồng xanh giả cổ 3x16','PCS','NK')
INSERT INTO VAT_TU (ID_VTU,VIET_TAT, TEN_VTU, ID_DVT, ID_NHOMVTU) VALUES ('VT0000033',N'SCREW-3X25',N'Vít đinh bản 3x25','PCS','NK')
INSERT INTO VAT_TU (ID_VTU,VIET_TAT, TEN_VTU, ID_DVT, ID_NHOMVTU) VALUES ('VT0000034',N'SCREW-3X28',N'Vít đầu bằng Mạ kẽm trắng 3x28 (BSR)','PCS','NK')
INSERT INTO VAT_TU (ID_VTU,VIET_TAT, TEN_VTU, ID_DVT, ID_NHOMVTU) VALUES ('VT0000035',N'SCREW-34',N'Vít đinh bản 3x34 trắng (BSR)','PCS','NK')
INSERT INTO VAT_TU (ID_VTU,VIET_TAT, TEN_VTU, ID_DVT, ID_NHOMVTU) VALUES ('VT0000036',N'SCREW-38',N'Vít đinh bản 4x38  Trắng','PCS','NK')
INSERT INTO VAT_TU (ID_VTU,VIET_TAT, TEN_VTU, ID_DVT, ID_NHOMVTU) VALUES ('VT0000037',N'SCREW-4X13',N'Vít đầu bằng Màu đen 4x13 (ray sắt)','PCS','NK')
INSERT INTO VAT_TU (ID_VTU,VIET_TAT, TEN_VTU, ID_DVT, ID_NHOMVTU) VALUES ('VT0000038',N'SCREW-4X15',N'Vít chữ thập Bản lề mạ niken 4x15','PCS','NK')
INSERT INTO VAT_TU (ID_VTU,VIET_TAT, TEN_VTU, ID_DVT, ID_NHOMVTU) VALUES ('VT0000039',N'SCREW-4X20',N'Vít đinh bản 4x20  7màu (ốc siết hộc kéo)','PCS','NK')
INSERT INTO VAT_TU (ID_VTU,VIET_TAT, TEN_VTU, ID_DVT, ID_NHOMVTU) VALUES ('VT0000040',N'SCREW-4X22',N'Vít đầu bằng Mạ kẽm trắng 4x22(BEA,OC)','PCS','NK')
INSERT INTO VAT_TU (ID_VTU,VIET_TAT, TEN_VTU, ID_DVT, ID_NHOMVTU) VALUES ('VT0000041',N'SCREW-4X25T',N'Vít đinh bản 4x25  Màu trắng','PCS','NK')
INSERT INTO VAT_TU (ID_VTU,VIET_TAT, TEN_VTU, ID_DVT, ID_NHOMVTU) VALUES ('VT0000042',N'SCREW-4X25',N'Vít đinh bản 4x25    7 màu(ASB-17-22)','PCS','NK')
INSERT INTO VAT_TU (ID_VTU,VIET_TAT, TEN_VTU, ID_DVT, ID_NHOMVTU) VALUES ('VT0000043',N'SCREW-4X25-Đ',N'Vít đinh bản 4x25 đen (siết mặt hộc BSR)','PCS','NK')
INSERT INTO VAT_TU (ID_VTU,VIET_TAT, TEN_VTU, ID_DVT, ID_NHOMVTU) VALUES ('VT0000044',N'SCREW-4X28',N'Vít đinh bản 4x28    7 màu (ASB-5-16)','PCS','NK')
INSERT INTO VAT_TU (ID_VTU,VIET_TAT, TEN_VTU, ID_DVT, ID_NHOMVTU) VALUES ('VT0000045',N'SCREW-28',N'Đinh mạ Kẽm  4.0x28 (a)','PCS','NK')
INSERT INTO VAT_TU (ID_VTU,VIET_TAT, TEN_VTU, ID_DVT, ID_NHOMVTU) VALUES ('VT0000046',N'SCREW-3.5X30',N'Vít đinh bản 4x30    7 màu','PCS','NK')
INSERT INTO VAT_TU (ID_VTU,VIET_TAT, TEN_VTU, ID_DVT, ID_NHOMVTU) VALUES ('VT0000047',N'SCREW-4X30',N'Vít đinh bản 4x30    Trắng','PCS','NK')
INSERT INTO VAT_TU (ID_VTU,VIET_TAT, TEN_VTU, ID_DVT, ID_NHOMVTU) VALUES ('VT0000048',N'SCREW-22',N'Vít chữ thập Trắng 4.0x22 bản lề','PCS','NK')
INSERT INTO VAT_TU (ID_VTU,VIET_TAT, TEN_VTU, ID_DVT, ID_NHOMVTU) VALUES ('VT0000049',N'SCREW-23',N'Vít chữ thập Mạ niken  4.0x23 (ốc siết mặc hộc)','PCS','NK')
INSERT INTO VAT_TU (ID_VTU,VIET_TAT, TEN_VTU, ID_DVT, ID_NHOMVTU) VALUES ('VT0000050',N'SCREW-25',N'Vít chữ thập 7 màu m5x25,BSR 06,09','PCS','NK')
INSERT INTO VAT_TU (ID_VTU,VIET_TAT, TEN_VTU, ID_DVT, ID_NHOMVTU) VALUES ('VT0000051',N'SCREW-M5X22',N'Vít chữ thập7 Màu m5x22,mặt cửaBSR 06,09,12 ','PCS','NK')
INSERT INTO VAT_TU (ID_VTU,VIET_TAT, TEN_VTU, ID_DVT, ID_NHOMVTU) VALUES ('VT0000052',N'SCREW-35',N'Vít đinh bản 4x35  7 màu','PCS','NK')
INSERT INTO VAT_TU (ID_VTU,VIET_TAT, TEN_VTU, ID_DVT, ID_NHOMVTU) VALUES ('VT0000053',N'SCREW-4X35',N'Vít đinh bản 4x35,trắng','PCS','NK')
INSERT INTO VAT_TU (ID_VTU,VIET_TAT, TEN_VTU, ID_DVT, ID_NHOMVTU) VALUES ('VT0000054',N'SCREW-45',N'Vít đinh Bản4x45,-7m','PCS','NK')
INSERT INTO VAT_TU (ID_VTU,VIET_TAT, TEN_VTU, ID_DVT, ID_NHOMVTU) VALUES ('VT0000055',N'SCREW-50',N'Vít đinh Bản4x50,-7m (BSR06,09,12)','PCS','NK')
INSERT INTO VAT_TU (ID_VTU,VIET_TAT, TEN_VTU, ID_DVT, ID_NHOMVTU) VALUES ('VT0000056',N'SCREW-60',N'Vít đinh Bản4x60,7m (BSR06,09,12)','PCS','NK')
INSERT INTO VAT_TU (ID_VTU,VIET_TAT, TEN_VTU, ID_DVT, ID_NHOMVTU) VALUES ('VT0000057',N'SCREW-15',N'Ốc siết xanh 3trong 1(15x20)','PCS','NK')
INSERT INTO VAT_TU (ID_VTU,VIET_TAT, TEN_VTU, ID_DVT, ID_NHOMVTU) VALUES ('VT0000058',N'M6X15',N'Vít chữ thập M6x15 (BLS33,36)','PCS','NK')
INSERT INTO VAT_TU (ID_VTU,VIET_TAT, TEN_VTU, ID_DVT, ID_NHOMVTU) VALUES ('VT0000059',N'M6X20',N'Vít chữ thập M6x20 (mâm xoay BLS33,36)','PCS','NK')
INSERT INTO VAT_TU (ID_VTU,VIET_TAT, TEN_VTU, ID_DVT, ID_NHOMVTU) VALUES ('VT0000060',N'3IN1-A1',N'Thanh cao su 3 trong 1  ','PCS','NK')
INSERT INTO VAT_TU (ID_VTU,VIET_TAT, TEN_VTU, ID_DVT, ID_NHOMVTU) VALUES ('VT0000061',N'3IN1-9H',N'Ốc siết 3 Trong 1            ','PCS','NK')
INSERT INTO VAT_TU (ID_VTU,VIET_TAT, TEN_VTU, ID_DVT, ID_NHOMVTU) VALUES ('VT0000062',N'3IN1-TBZ',N'Ốc cấy sắt 3 Trong 1.BEA,BSR06,09,12','PCS','NK')
INSERT INTO VAT_TU (ID_VTU,VIET_TAT, TEN_VTU, ID_DVT, ID_NHOMVTU) VALUES ('VT0000063',N'SUPPORT-1',N'Chốt đỡ ván Tầng-1','PCS','NK')
INSERT INTO VAT_TU (ID_VTU,VIET_TAT, TEN_VTU, ID_DVT, ID_NHOMVTU) VALUES ('VT0000064',N'SUPPORT-3',N'Chốt đỡ ván Tầng -3','PCS','NK')
INSERT INTO VAT_TU (ID_VTU,VIET_TAT, TEN_VTU, ID_DVT, ID_NHOMVTU) VALUES ('VT0000065',N'SUPPORT-020',N'Chốt đỡ ván Tầng  Mới-020 BEA,BSR,B06,09','PCS','NK')
INSERT INTO VAT_TU (ID_VTU,VIET_TAT, TEN_VTU, ID_DVT, ID_NHOMVTU) VALUES ('VT0000066',N'STEEL DOWEL',N'Chốt đỡ ván tầng  O3x25.WEA','PCS','NK')
INSERT INTO VAT_TU (ID_VTU,VIET_TAT, TEN_VTU, ID_DVT, ID_NHOMVTU) VALUES ('VT0000067',N'LAC-R',N'Nút chống va Chạm','PCS','NK')
INSERT INTO VAT_TU (ID_VTU,VIET_TAT, TEN_VTU, ID_DVT, ID_NHOMVTU) VALUES ('VT0000068',N'T1021',N'Nam châm Đơn BLS','PCS','NK')
INSERT INTO VAT_TU (ID_VTU,VIET_TAT, TEN_VTU, ID_DVT, ID_NHOMVTU) VALUES ('VT0000069',N'MAGNET',N'Nam châm Inox 44x1.5,WER','PCS','NK')
INSERT INTO VAT_TU (ID_VTU,VIET_TAT, TEN_VTU, ID_DVT, ID_NHOMVTU) VALUES ('VT0000070',N'SILICON',N'Miếng lót Silicon.62X25 BLS.WER','PCS','NK')
INSERT INTO VAT_TU (ID_VTU,VIET_TAT, TEN_VTU, ID_DVT, ID_NHOMVTU) VALUES ('VT0000071',N'LI-DB-2',N'Chốt sắt định vị hộc kéo DB-2','PCS','NK')
INSERT INTO VAT_TU (ID_VTU,VIET_TAT, TEN_VTU, ID_DVT, ID_NHOMVTU) VALUES ('VT0000072',N'PAT',N'Tấm đệm Chân-cao su đen','PCS','NK')
INSERT INTO VAT_TU (ID_VTU,VIET_TAT, TEN_VTU, ID_DVT, ID_NHOMVTU) VALUES ('VT0000073',N'WDC/DCB',N'Ke góc liên Kết Ttủ bếp, WDC,DCB','PCS','NK')
INSERT INTO VAT_TU (ID_VTU,VIET_TAT, TEN_VTU, ID_DVT, ID_NHOMVTU) VALUES ('VT0000074',N'BEA BRACKETS',N'Bát sắt liên Kết tủ bếp, BEA','PCS','NK')
INSERT INTO VAT_TU (ID_VTU,VIET_TAT, TEN_VTU, ID_DVT, ID_NHOMVTU) VALUES ('VT0000075',N'SCREW-32',N'Chốt đơn gấp Gọn BEA (7121)','PCS','NK')
INSERT INTO VAT_TU (ID_VTU,VIET_TAT, TEN_VTU, ID_DVT, ID_NHOMVTU) VALUES ('VT0000076',N'UBO',N'Ke góc sắt Màu đen  Dòng UBO30 ','PCS','NK')
INSERT INTO VAT_TU (ID_VTU,VIET_TAT, TEN_VTU, ID_DVT, ID_NHOMVTU) VALUES ('VT0000077',N'SCREW-3C',N'Ốc cấy đầu Bằng nhựa trắng M8-003C ,BLS','PCS','NK')
INSERT INTO VAT_TU (ID_VTU,VIET_TAT, TEN_VTU, ID_DVT, ID_NHOMVTU) VALUES ('VT0000078',N'SCREW-M5',N'Ốc cấy  M5 , 7 màu','PCS','NK')
INSERT INTO VAT_TU (ID_VTU,VIET_TAT, TEN_VTU, ID_DVT, ID_NHOMVTU) VALUES ('VT0000079',N'SCREW-6',N'Ốc cấy M6x11,7 màu(BLS33,36)','PCS','NK')
INSERT INTO VAT_TU (ID_VTU,VIET_TAT, TEN_VTU, ID_DVT, ID_NHOMVTU) VALUES ('VT0000080',N'WB152X72',N'Bát liên kết Tủ bếp wb15,18,21(152x72x2.5)','PCS','NK')
INSERT INTO VAT_TU (ID_VTU,VIET_TAT, TEN_VTU, ID_DVT, ID_NHOMVTU) VALUES ('VT0000081',N'K067',N'Mâm xoay sắt K067,BLS33,36','PCS','NK')
INSERT INTO VAT_TU (ID_VTU,VIET_TAT, TEN_VTU, ID_DVT, ID_NHOMVTU) VALUES ('VT0000082',N'WB15-1',N'Bát liên kết Tủ bếp BSR06,09,12(80x20x1.5)','PCS','NK')
INSERT INTO VAT_TU (ID_VTU,VIET_TAT, TEN_VTU, ID_DVT, ID_NHOMVTU) VALUES ('VT0000083',N'GLASS',N'Nút kẹp kính','PCS','NK')
INSERT INTO VAT_TU (ID_VTU,VIET_TAT, TEN_VTU, ID_DVT, ID_NHOMVTU) VALUES ('VT0000084',N'M-8111-2-VN',N'Chốt đực Atimon M-8111-2 (VN)','PCS','NK')
INSERT INTO VAT_TU (ID_VTU,VIET_TAT, TEN_VTU, ID_DVT, ID_NHOMVTU) VALUES ('VT0000085',N'M-8111-2',N'Chốt đực Atimon M-8111-2','PCS','NK')
INSERT INTO VAT_TU (ID_VTU,VIET_TAT, TEN_VTU, ID_DVT, ID_NHOMVTU) VALUES ('VT0000086',N'F-8111-2',N'Chốt cái F-8111-2           ','PCS','NK')
INSERT INTO VAT_TU (ID_VTU,VIET_TAT, TEN_VTU, ID_DVT, ID_NHOMVTU) VALUES ('VT0000087',N'M-8111-1',N'Chốt đực nhựa Dòng M- 8111-1B (BLS)','PCS','NK')
INSERT INTO VAT_TU (ID_VTU,VIET_TAT, TEN_VTU, ID_DVT, ID_NHOMVTU) VALUES ('VT0000088',N'F-8111-1',N'Chốt cái bằng F-8111-1B (BLS)','PCS','NK')
INSERT INTO VAT_TU (ID_VTU,VIET_TAT, TEN_VTU, ID_DVT, ID_NHOMVTU) VALUES ('VT0000089',N'1/4 HINGE',N'Bản lề giảm Chấn 1/4,E9E-115 H','PCS','NK')
INSERT INTO VAT_TU (ID_VTU,VIET_TAT, TEN_VTU, ID_DVT, ID_NHOMVTU) VALUES ('VT0000090',N'1/2 HINGE',N'Bản lề giảm Chấn 1/2,WDC,B06,09,DCB42','PCS','NK')
INSERT INTO VAT_TU (ID_VTU,VIET_TAT, TEN_VTU, ID_DVT, ID_NHOMVTU) VALUES ('VT0000091',N'C93A51R01',N'Bản lề máy Bay 165 độ  BLS,WER','PCS','NK')
INSERT INTO VAT_TU (ID_VTU,VIET_TAT, TEN_VTU, ID_DVT, ID_NHOMVTU) VALUES ('VT0000092',N'135HINGE',N'Bản lề giảm Chấn ,C98,H425','PCS','NK')
INSERT INTO VAT_TU (ID_VTU,VIET_TAT, TEN_VTU, ID_DVT, ID_NHOMVTU) VALUES ('VT0000093',N'1 HINGE',N'Bản lề giảm Chấn ,H9Q-105 H','PCS','NK')
INSERT INTO VAT_TU (ID_VTU,VIET_TAT, TEN_VTU, ID_DVT, ID_NHOMVTU) VALUES ('VT0000094',N'3/4 HINGE',N'Bản lề giảm Chấn ,H9Q-085 H','PCS','NK')
INSERT INTO VAT_TU (ID_VTU,VIET_TAT, TEN_VTU, ID_DVT, ID_NHOMVTU) VALUES ('VT0000095',N'3/8 HINGE',N'Bản lề giảm Chấn ,E9Q-135 H','PCS','NK')
INSERT INTO VAT_TU (ID_VTU,VIET_TAT, TEN_VTU, ID_DVT, ID_NHOMVTU) VALUES ('VT0000096',N'Q75H',N'Bản lề giảm Chấn ,E9Q-75 H','PCS','NK')
INSERT INTO VAT_TU (ID_VTU,VIET_TAT, TEN_VTU, ID_DVT, ID_NHOMVTU) VALUES ('VT0000097',N'DTC-9',N'Thanh trượt 9 In','PCS','NK')
INSERT INTO VAT_TU (ID_VTU,VIET_TAT, TEN_VTU, ID_DVT, ID_NHOMVTU) VALUES ('VT0000098',N'DTC-18',N'Thanh trượt 18 in (VDB,VLC,VSD,VCDS)','PCS','NK')
INSERT INTO VAT_TU (ID_VTU,VIET_TAT, TEN_VTU, ID_DVT, ID_NHOMVTU) VALUES ('VT0000099',N'DTC-21',N'Thanh trượt 21 in (B12-39,DB12-36,OC,BSR,DB-2)','PCS','NK')
INSERT INTO VAT_TU (ID_VTU,VIET_TAT, TEN_VTU, ID_DVT, ID_NHOMVTU) VALUES ('VT0000100',N'DTC-122',N'Thanh trượt TPO 550 (B15-42) nhựa chịu lực','PCS','NK')
INSERT INTO VAT_TU (ID_VTU,VIET_TAT, TEN_VTU, ID_DVT, ID_NHOMVTU) VALUES ('VT0000101',N'DTC-120',N'Thanh trượt TPO 500 (VS24-36) nhựa chịu lực','PCS','NK')
INSERT INTO VAT_TU (ID_VTU,VIET_TAT, TEN_VTU, ID_DVT, ID_NHOMVTU) VALUES ('VT0000102',N'ZTT001H',N'Giá đỡ thanh Trượt 500,550 TPO tray (120,122 H)','PCS','NK')
INSERT INTO VAT_TU (ID_VTU,VIET_TAT, TEN_VTU, ID_DVT, ID_NHOMVTU) VALUES ('VT0000103',N'SLIDE 250',N'Thanh trượt Kiểu âu S10-250H','PCS','NK')
INSERT INTO VAT_TU (ID_VTU,VIET_TAT, TEN_VTU, ID_DVT, ID_NHOMVTU) VALUES ('VT0000104',N'SLIDE 602',N'Thanh trượt Chịu lực AD52,kings  WB','PCS','NK')
INSERT INTO VAT_TU (ID_VTU,VIET_TAT, TEN_VTU, ID_DVT, ID_NHOMVTU) VALUES ('VT0000105',N'SLIDE 320',N'Thanh Trượt  500 CDB,P.O TRAY(VS24-36)','PCS','NK')
INSERT INTO VAT_TU (ID_VTU,VIET_TAT, TEN_VTU, ID_DVT, ID_NHOMVTU) VALUES ('VT0000106',N'SLIDE 322',N'Thanh Trượt  550 PO TRAY,SPO(B12-B39)','PCS','NK')
INSERT INTO VAT_TU (ID_VTU,VIET_TAT, TEN_VTU, ID_DVT, ID_NHOMVTU) VALUES ('VT0000107',N'ZTT001R',N'Giá đỡ thanh Trượt 500,550 PO TRAY,SPO (320,322 R) ','PCS','NK')
INSERT INTO VAT_TU (ID_VTU,VIET_TAT, TEN_VTU, ID_DVT, ID_NHOMVTU) VALUES ('VT0000108',N'OGA08',N'Giá đỡ thanh Trượt (18,21)','PCS','NK')
INSERT INTO VAT_TU (ID_VTU,VIET_TAT, TEN_VTU, ID_DVT, ID_NHOMVTU) VALUES ('VT0000109',N'NUTCAP-W',N'Nút cap màu Trắng (AC,VC,SW)','PCS','NK')
INSERT INTO VAT_TU (ID_VTU,VIET_TAT, TEN_VTU, ID_DVT, ID_NHOMVTU) VALUES ('VT0000110',N'NUTCAP-BL',N'Nút cap màu Đen  (011-16)','PCS','NK')
INSERT INTO VAT_TU (ID_VTU,VIET_TAT, TEN_VTU, ID_DVT, ID_NHOMVTU) VALUES ('VT0000111',N'NUTCAP-BR',N'Nút cap màu Nâu  (HG,FN,SS,RE,CK,)','PCS','TH')
INSERT INTO VAT_TU (ID_VTU,VIET_TAT, TEN_VTU, ID_DVT, ID_NHOMVTU) VALUES ('VT0000112',N'A20',N'Tem chữ a 20x20','CO','TH')
INSERT INTO VAT_TU (ID_VTU,VIET_TAT, TEN_VTU, ID_DVT, ID_NHOMVTU) VALUES ('VT0000113',N'B20',N'Tem chữ b 20x20','CO','TH')
INSERT INTO VAT_TU (ID_VTU,VIET_TAT, TEN_VTU, ID_DVT, ID_NHOMVTU) VALUES ('VT0000114',N'C20',N'Tem chữ c 20x20','CO','TH')
INSERT INTO VAT_TU (ID_VTU,VIET_TAT, TEN_VTU, ID_DVT, ID_NHOMVTU) VALUES ('VT0000115',N'D20',N'Tem chữ d 20x20','CO','TH')
INSERT INTO VAT_TU (ID_VTU,VIET_TAT, TEN_VTU, ID_DVT, ID_NHOMVTU) VALUES ('VT0000116',N'TEM',N'TEM ROTATE FRAME FOR(BBC42)','CO','TH')
INSERT INTO VAT_TU (ID_VTU,VIET_TAT, TEN_VTU, ID_DVT, ID_NHOMVTU) VALUES ('VT0000117',N'TEMOC',N'TEM REQUIREMENT 290x105,OC','TO','TH')
INSERT INTO VAT_TU (ID_VTU,VIET_TAT, TEN_VTU, ID_DVT, ID_NHOMVTU) VALUES ('VT0000118',N'TEM14',N'Tem nhãn dán Mở rộng 183x14( BBC42)','TO','TH')
INSERT INTO VAT_TU (ID_VTU,VIET_TAT, TEN_VTU, ID_DVT, ID_NHOMVTU) VALUES ('VT0000119',N'TEM18',N'Tem nhãn dán Bản lề 235x18( BBC42)','TO','TH')
INSERT INTO VAT_TU (ID_VTU,VIET_TAT, TEN_VTU, ID_DVT, ID_NHOMVTU) VALUES ('VT0000120',N'TOP',N'Tem chữ TOP Màu vàng','TO','TH')
INSERT INTO VAT_TU (ID_VTU,VIET_TAT, TEN_VTU, ID_DVT, ID_NHOMVTU) VALUES ('VT0000121',N'RB',N'Ruy băng in Mã vạch wax','CU','TH')
INSERT INTO VAT_TU (ID_VTU,VIET_TAT, TEN_VTU, ID_DVT, ID_NHOMVTU) VALUES ('VT0000122',N'TEM40X30',N'Tem decal Thường 40x30','CU','TH')
INSERT INTO VAT_TU (ID_VTU,VIET_TAT, TEN_VTU, ID_DVT, ID_NHOMVTU) VALUES ('VT0000123',N'TEM70X50',N'Tem decal Thường 70x50','CU','TH')
INSERT INTO VAT_TU (ID_VTU,VIET_TAT, TEN_VTU, ID_DVT, ID_NHOMVTU) VALUES ('VT0000124',N'DOOR DECAL',N'Tem dán cánh Cửa 80x15mm','CO','TH')
INSERT INTO VAT_TU (ID_VTU,VIET_TAT, TEN_VTU, ID_DVT, ID_NHOMVTU) VALUES ('VT0000125',N'TEM30',N'TEM REMOVE FOR 30 OVENS','CO','TH')
INSERT INTO VAT_TU (ID_VTU,VIET_TAT, TEN_VTU, ID_DVT, ID_NHOMVTU) VALUES ('VT0000126',N'B12-16',N'B12,15,18,21-16','TO','GHD')
INSERT INTO VAT_TU (ID_VTU,VIET_TAT, TEN_VTU, ID_DVT, ID_NHOMVTU) VALUES ('VT0000127',N'B24-16',N'B24,27,30-16','TO','GHD')
INSERT INTO VAT_TU (ID_VTU,VIET_TAT, TEN_VTU, ID_DVT, ID_NHOMVTU) VALUES ('VT0000128',N'B33-16',N'B33,36,39-16','TO','GHD')
INSERT INTO VAT_TU (ID_VTU,VIET_TAT, TEN_VTU, ID_DVT, ID_NHOMVTU) VALUES ('VT0000129',N'B39-16',N'B39-D ,11-16','TO','GHD')
INSERT INTO VAT_TU (ID_VTU,VIET_TAT, TEN_VTU, ID_DVT, ID_NHOMVTU) VALUES ('VT0000130',N'DB30-2-16',N'DB30-2,33-2,36-2-16','TO','GHD')
INSERT INTO VAT_TU (ID_VTU,VIET_TAT, TEN_VTU, ID_DVT, ID_NHOMVTU) VALUES ('VT0000131',N'DB12-3-16',N'DB12.15.18.21-3/DB24,27,30-3-16','TO','GHD')
INSERT INTO VAT_TU (ID_VTU,VIET_TAT, TEN_VTU, ID_DVT, ID_NHOMVTU) VALUES ('VT0000132',N'DB36-3-16',N'DB36-3-16','TO','GHD')
INSERT INTO VAT_TU (ID_VTU,VIET_TAT, TEN_VTU, ID_DVT, ID_NHOMVTU) VALUES ('VT0000133',N'VDB12-3-16',N'VDB12,15,18,21-3-16','TO','GHD')
INSERT INTO VAT_TU (ID_VTU,VIET_TAT, TEN_VTU, ID_DVT, ID_NHOMVTU) VALUES ('VT0000134',N'BMW-16',N'BMW273621,BMW274221-16','TO','GHD')
INSERT INTO VAT_TU (ID_VTU,VIET_TAT, TEN_VTU, ID_DVT, ID_NHOMVTU) VALUES ('VT0000135',N'BBC42-16',N'BBC42-16','TO','GHD')
INSERT INTO VAT_TU (ID_VTU,VIET_TAT, TEN_VTU, ID_DVT, ID_NHOMVTU) VALUES ('VT0000136',N'BMB27-16',N'BMB27-16','TO','GHD')
INSERT INTO VAT_TU (ID_VTU,VIET_TAT, TEN_VTU, ID_DVT, ID_NHOMVTU) VALUES ('VT0000137',N'ASB33-16',N'ASB33,36-16','TO','GHD')
INSERT INTO VAT_TU (ID_VTU,VIET_TAT, TEN_VTU, ID_DVT, ID_NHOMVTU) VALUES ('VT0000138',N'MC243208-16',N'MC243208-16','TO','GHD')
INSERT INTO VAT_TU (ID_VTU,VIET_TAT, TEN_VTU, ID_DVT, ID_NHOMVTU) VALUES ('VT0000139',N'MWC2730-16',N'MWC2730,2736,2742-16','TO','GHD')
INSERT INTO VAT_TU (ID_VTU,VIET_TAT, TEN_VTU, ID_DVT, ID_NHOMVTU) VALUES ('VT0000140',N'DCB42-16',N'DCB42-16','TO','GHD')
INSERT INTO VAT_TU (ID_VTU,VIET_TAT, TEN_VTU, ID_DVT, ID_NHOMVTU) VALUES ('VT0000141',N'W0930-16',N'W0930-2142-16','TO','GHD')
INSERT INTO VAT_TU (ID_VTU,VIET_TAT, TEN_VTU, ID_DVT, ID_NHOMVTU) VALUES ('VT0000142',N'W1215-16',N'W1215-2115-16','TO','GHD')
INSERT INTO VAT_TU (ID_VTU,VIET_TAT, TEN_VTU, ID_DVT, ID_NHOMVTU) VALUES ('VT0000143',N'W2415-16',N'W2415-3615-16','TO','GHD')
INSERT INTO VAT_TU (ID_VTU,VIET_TAT, TEN_VTU, ID_DVT, ID_NHOMVTU) VALUES ('VT0000144',N'W2430-16',N'W2430-3942,W2430x8D-16','TO','GHD')
INSERT INTO VAT_TU (ID_VTU,VIET_TAT, TEN_VTU, ID_DVT, ID_NHOMVTU) VALUES ('VT0000145',N'W3012-16',N'W3012-3624-16','TO','GHD')
INSERT INTO VAT_TU (ID_VTU,VIET_TAT, TEN_VTU, ID_DVT, ID_NHOMVTU) VALUES ('VT0000146',N'WDC2430-16',N'WDC2430,WDC2436,WDC2442-16','TO','GHD')
INSERT INTO VAT_TU (ID_VTU,VIET_TAT, TEN_VTU, ID_DVT, ID_NHOMVTU) VALUES ('VT0000147',N'WB15-16',N'WB15,WB18,WB21-16','TO','GHD')
INSERT INTO VAT_TU (ID_VTU,VIET_TAT, TEN_VTU, ID_DVT, ID_NHOMVTU) VALUES ('VT0000148',N'WB18-FD-16',N'WB18,21-FD-16','TO','GHD')
INSERT INTO VAT_TU (ID_VTU,VIET_TAT, TEN_VTU, ID_DVT, ID_NHOMVTU) VALUES ('VT0000149',N'WR3015-16',N'WR3015-16','TO','GHD')
INSERT INTO VAT_TU (ID_VTU,VIET_TAT, TEN_VTU, ID_DVT, ID_NHOMVTU) VALUES ('VT0000150',N'WR3618-16',N'WR3618-16','TO','GHD')
INSERT INTO VAT_TU (ID_VTU,VIET_TAT, TEN_VTU, ID_DVT, ID_NHOMVTU) VALUES ('VT0000151',N'WBC27-16',N'WBC2730,WBC2736,WBC2742-16','TO','GHD')
INSERT INTO VAT_TU (ID_VTU,VIET_TAT, TEN_VTU, ID_DVT, ID_NHOMVTU) VALUES ('VT0000152',N'WDC273615-16',N'WDC273615,274215-16','TO','GHD')
INSERT INTO VAT_TU (ID_VTU,VIET_TAT, TEN_VTU, ID_DVT, ID_NHOMVTU) VALUES ('VT0000153',N'WDC2415-16',N'WDC2415-16','TO','GHD')
INSERT INTO VAT_TU (ID_VTU,VIET_TAT, TEN_VTU, ID_DVT, ID_NHOMVTU) VALUES ('VT0000154',N'SB33-16',N'SB33,36,42-16','TO','GHD')
INSERT INTO VAT_TU (ID_VTU,VIET_TAT, TEN_VTU, ID_DVT, ID_NHOMVTU) VALUES ('VT0000155',N'VS24-16',N'V24,27,30,33,36-16','TO','GHD')
INSERT INTO VAT_TU (ID_VTU,VIET_TAT, TEN_VTU, ID_DVT, ID_NHOMVTU) VALUES ('VT0000156',N'VSD30-16',N'VSD30L/R,VSD36L/R-16','TO','GHD')
INSERT INTO VAT_TU (ID_VTU,VIET_TAT, TEN_VTU, ID_DVT, ID_NHOMVTU) VALUES ('VT0000157',N'VSD42-16',N'VSD42L/R-16','TO','GHD')
INSERT INTO VAT_TU (ID_VTU,VIET_TAT, TEN_VTU, ID_DVT, ID_NHOMVTU) VALUES ('VT0000158',N'VSD48-16',N'VSD48,54,57,60,72-16','TO','GHD')
INSERT INTO VAT_TU (ID_VTU,VIET_TAT, TEN_VTU, ID_DVT, ID_NHOMVTU) VALUES ('VT0000159',N'VCDS60-16',N'VCDS60,69,72-16','TO','GHD')
INSERT INTO VAT_TU (ID_VTU,VIET_TAT, TEN_VTU, ID_DVT, ID_NHOMVTU) VALUES ('VT0000160',N'VLC1887-16',N'VLC1887-16','TO','GHD')
INSERT INTO VAT_TU (ID_VTU,VIET_TAT, TEN_VTU, ID_DVT, ID_NHOMVTU) VALUES ('VT0000161',N'OC3184-16',N'OC3184,3196-16','TO','GHD')
INSERT INTO VAT_TU (ID_VTU,VIET_TAT, TEN_VTU, ID_DVT, ID_NHOMVTU) VALUES ('VT0000162',N'PC1884-16',N'PC1884-96-16','TO','GHD')
INSERT INTO VAT_TU (ID_VTU,VIET_TAT, TEN_VTU, ID_DVT, ID_NHOMVTU) VALUES ('VT0000163',N'PC2484-16',N'PC24-36,84-96-16','TO','GHD')
INSERT INTO VAT_TU (ID_VTU,VIET_TAT, TEN_VTU, ID_DVT, ID_NHOMVTU) VALUES ('VT0000164',N'UBO30-17',N'UBO30-17','TO','GHD')
INSERT INTO VAT_TU (ID_VTU,VIET_TAT, TEN_VTU, ID_DVT, ID_NHOMVTU) VALUES ('VT0000165',N'B06',N'B06,09-17','TO','GHD')
INSERT INTO VAT_TU (ID_VTU,VIET_TAT, TEN_VTU, ID_DVT, ID_NHOMVTU) VALUES ('VT0000166',N'BLS33-17',N'BLS33,BLS36-17','TO','GHD')
INSERT INTO VAT_TU (ID_VTU,VIET_TAT, TEN_VTU, ID_DVT, ID_NHOMVTU) VALUES ('VT0000167',N'BEA1224-17',N'BEA1224-17','TO','GHD')
INSERT INTO VAT_TU (ID_VTU,VIET_TAT, TEN_VTU, ID_DVT, ID_NHOMVTU) VALUES ('VT0000168',N'WEA1215-17',N'WEA1215-17','TO','GHD')
INSERT INTO VAT_TU (ID_VTU,VIET_TAT, TEN_VTU, ID_DVT, ID_NHOMVTU) VALUES ('VT0000169',N'WEA1230-17',N'WEA1230,WEA1236,WEA1242-17','TO','GHD')
INSERT INTO VAT_TU (ID_VTU,VIET_TAT, TEN_VTU, ID_DVT, ID_NHOMVTU) VALUES ('VT0000170',N'WER2430-17',N'WER2430,WER2436,WER2442-17','TO','GHD')
INSERT INTO VAT_TU (ID_VTU,VIET_TAT, TEN_VTU, ID_DVT, ID_NHOMVTU) VALUES ('VT0000171',N'W0630-17',N'W0630,0636,0642-17','TO','GHD')
INSERT INTO VAT_TU (ID_VTU,VIET_TAT, TEN_VTU, ID_DVT, ID_NHOMVTU) VALUES ('VT0000172',N'WB15-FD-17',N'WB15-FD-17','TO','GHD')
INSERT INTO VAT_TU (ID_VTU,VIET_TAT, TEN_VTU, ID_DVT, ID_NHOMVTU) VALUES ('VT0000173',N'WR3015-17',N'WR3015-17','TO','GHD')
INSERT INTO VAT_TU (ID_VTU,VIET_TAT, TEN_VTU, ID_DVT, ID_NHOMVTU) VALUES ('VT0000174',N'WR3618-17',N'WR3618-17','TO','GHD')
INSERT INTO VAT_TU (ID_VTU,VIET_TAT, TEN_VTU, ID_DVT, ID_NHOMVTU) VALUES ('VT0000175',N'B12-17',N'B12,15,18,21-17','TO','GHD')
INSERT INTO VAT_TU (ID_VTU,VIET_TAT, TEN_VTU, ID_DVT, ID_NHOMVTU) VALUES ('VT0000176',N'B24-17',N'B24,27,30-17','TO','GHD')
INSERT INTO VAT_TU (ID_VTU,VIET_TAT, TEN_VTU, ID_DVT, ID_NHOMVTU) VALUES ('VT0000177',N'B33-17',N'B33,36,39-17','TO','GHD')
INSERT INTO VAT_TU (ID_VTU,VIET_TAT, TEN_VTU, ID_DVT, ID_NHOMVTU) VALUES ('VT0000178',N'BMW-17',N'BMW273621,BMW274221-17','TO','GHD')
INSERT INTO VAT_TU (ID_VTU,VIET_TAT, TEN_VTU, ID_DVT, ID_NHOMVTU) VALUES ('VT0000179',N'BMB27-17',N'BMB27-17','TO','GHD')
INSERT INTO VAT_TU (ID_VTU,VIET_TAT, TEN_VTU, ID_DVT, ID_NHOMVTU) VALUES ('VT0000180',N'BBC42-17',N'BBC42-17','TO','GHD')
INSERT INTO VAT_TU (ID_VTU,VIET_TAT, TEN_VTU, ID_DVT, ID_NHOMVTU) VALUES ('VT0000181',N'ASB33-17',N'ASB33,36-17','TO','GHD')
INSERT INTO VAT_TU (ID_VTU,VIET_TAT, TEN_VTU, ID_DVT, ID_NHOMVTU) VALUES ('VT0000182',N'DCB42-17',N'DCB42-17','TO','GHD')
INSERT INTO VAT_TU (ID_VTU,VIET_TAT, TEN_VTU, ID_DVT, ID_NHOMVTU) VALUES ('VT0000183',N'MC243208-17',N'MC243208-17','TO','GHD')
INSERT INTO VAT_TU (ID_VTU,VIET_TAT, TEN_VTU, ID_DVT, ID_NHOMVTU) VALUES ('VT0000184',N'MWC2730-17',N'MWC2730,2736,2742-17','TO','GHD')
INSERT INTO VAT_TU (ID_VTU,VIET_TAT, TEN_VTU, ID_DVT, ID_NHOMVTU) VALUES ('VT0000185',N'W0930-17',N'W0930-2142-17','TO','GHD')
INSERT INTO VAT_TU (ID_VTU,VIET_TAT, TEN_VTU, ID_DVT, ID_NHOMVTU) VALUES ('VT0000186',N'W1215-17',N'W1215-2115-17','TO','GHD')
INSERT INTO VAT_TU (ID_VTU,VIET_TAT, TEN_VTU, ID_DVT, ID_NHOMVTU) VALUES ('VT0000187',N'W2415-17',N'W2415-3615-17','TO','GHD')
INSERT INTO VAT_TU (ID_VTU,VIET_TAT, TEN_VTU, ID_DVT, ID_NHOMVTU) VALUES ('VT0000188',N'W2430-17',N'W2430-3942,-17','TO','GHD')
INSERT INTO VAT_TU (ID_VTU,VIET_TAT, TEN_VTU, ID_DVT, ID_NHOMVTU) VALUES ('VT0000189',N'W3012-17',N'W3012-3624-17','TO','GHD')
INSERT INTO VAT_TU (ID_VTU,VIET_TAT, TEN_VTU, ID_DVT, ID_NHOMVTU) VALUES ('VT0000190',N'WDC2415-17',N'WDC2415-17','TO','GHD')
INSERT INTO VAT_TU (ID_VTU,VIET_TAT, TEN_VTU, ID_DVT, ID_NHOMVTU) VALUES ('VT0000191',N'WDC2430',N'WDC2430,WDC2436,WDC2442-17','TO','GHD')
INSERT INTO VAT_TU (ID_VTU,VIET_TAT, TEN_VTU, ID_DVT, ID_NHOMVTU) VALUES ('VT0000192',N'WDC273615-17',N'WDC273615,WDC274215-17','TO','GHD')
INSERT INTO VAT_TU (ID_VTU,VIET_TAT, TEN_VTU, ID_DVT, ID_NHOMVTU) VALUES ('VT0000193',N'WBC27-17',N'WBC2730,WBC2736,WBC2742-17','TO','GHD')
INSERT INTO VAT_TU (ID_VTU,VIET_TAT, TEN_VTU, ID_DVT, ID_NHOMVTU) VALUES ('VT0000194',N'WB15-17',N'WB15,WB18,WB21-17','TO','GHD')
INSERT INTO VAT_TU (ID_VTU,VIET_TAT, TEN_VTU, ID_DVT, ID_NHOMVTU) VALUES ('VT0000195',N'WB18-FD-17',N'WB18,21-FD-17','TO','GHD')
INSERT INTO VAT_TU (ID_VTU,VIET_TAT, TEN_VTU, ID_DVT, ID_NHOMVTU) VALUES ('VT0000196',N'DB30-17',N'DB(30,33,36)-2-17','TO','GHD')
INSERT INTO VAT_TU (ID_VTU,VIET_TAT, TEN_VTU, ID_DVT, ID_NHOMVTU) VALUES ('VT0000197',N'DB12-17',N'DB/VDB(12,15,18,21)-3-17','TO','GHD')
INSERT INTO VAT_TU (ID_VTU,VIET_TAT, TEN_VTU, ID_DVT, ID_NHOMVTU) VALUES ('VT0000198',N'DB24-17',N'DB(24,27,30,36)-3-17','TO','GHD')
INSERT INTO VAT_TU (ID_VTU,VIET_TAT, TEN_VTU, ID_DVT, ID_NHOMVTU) VALUES ('VT0000199',N'SB33-17',N'SB33,36,42-17','TO','GHD')
INSERT INTO VAT_TU (ID_VTU,VIET_TAT, TEN_VTU, ID_DVT, ID_NHOMVTU) VALUES ('VT0000200',N'VS24-17',N'SV24,27,30-17','TO','GHD')
INSERT INTO VAT_TU (ID_VTU,VIET_TAT, TEN_VTU, ID_DVT, ID_NHOMVTU) VALUES ('VT0000201',N'VSD30-17',N'VSD30 L/R,60 L/R-17','TO','GHD')
INSERT INTO VAT_TU (ID_VTU,VIET_TAT, TEN_VTU, ID_DVT, ID_NHOMVTU) VALUES ('VT0000202',N'VSD42-17',N'VSD42 L/R-17','TO','GHD')
INSERT INTO VAT_TU (ID_VTU,VIET_TAT, TEN_VTU, ID_DVT, ID_NHOMVTU) VALUES ('VT0000203',N'VSD48-17',N'VSD48,54,57,60,72-17','TO','GHD')
INSERT INTO VAT_TU (ID_VTU,VIET_TAT, TEN_VTU, ID_DVT, ID_NHOMVTU) VALUES ('VT0000204',N'VCDS60-17',N'VCDS60,69,72-17','TO','GHD')
INSERT INTO VAT_TU (ID_VTU,VIET_TAT, TEN_VTU, ID_DVT, ID_NHOMVTU) VALUES ('VT0000205',N'VLC1887-17',N'VLC1887-17','TO','GHD')
INSERT INTO VAT_TU (ID_VTU,VIET_TAT, TEN_VTU, ID_DVT, ID_NHOMVTU) VALUES ('VT0000206',N'PC18-17',N'PC18(84-96)-17','TO','GHD')
INSERT INTO VAT_TU (ID_VTU,VIET_TAT, TEN_VTU, ID_DVT, ID_NHOMVTU) VALUES ('VT0000207',N'PC24-17',N'PC(24-36)-(84-96)-17','TO','GHD')
INSERT INTO VAT_TU (ID_VTU,VIET_TAT, TEN_VTU, ID_DVT, ID_NHOMVTU) VALUES ('VT0000208',N'OC3184-17',N'OC3184,3196-17','TO','GHD')
INSERT INTO VAT_TU (ID_VTU,VIET_TAT, TEN_VTU, ID_DVT, ID_NHOMVTU) VALUES ('VT0000209',N'MO30-17',N'MOKIT 30-17','TO','GHD')
INSERT INTO VAT_TU (ID_VTU,VIET_TAT, TEN_VTU, ID_DVT, ID_NHOMVTU) VALUES ('VT0000210',N'PO TRAY',N'Sách hướng Dẫn P.O TRAY,TPO ','TO','GHD')
INSERT INTO VAT_TU (ID_VTU,VIET_TAT, TEN_VTU, ID_DVT, ID_NHOMVTU) VALUES ('VT0000211',N'CDB',N'GHD-CDB(15-39)/FVOT(12-21)','TO','GHD')
INSERT INTO VAT_TU (ID_VTU,VIET_TAT, TEN_VTU, ID_DVT, ID_NHOMVTU) VALUES ('VT0000212',N'LBMK',N'Lõi bọc mũi Khoan','PCS','TH')
INSERT INTO VAT_TU (ID_VTU,VIET_TAT, TEN_VTU, ID_DVT, ID_NHOMVTU) VALUES ('VT0000213',N'MK2R',N'Mũi khoan O2x70 R','PCS','TH')
INSERT INTO VAT_TU (ID_VTU,VIET_TAT, TEN_VTU, ID_DVT, ID_NHOMVTU) VALUES ('VT0000214',N'MK2L',N'Mũi khoan O2x70 L','PCS','TH')
INSERT INTO VAT_TU (ID_VTU,VIET_TAT, TEN_VTU, ID_DVT, ID_NHOMVTU) VALUES ('VT0000215',N'MK2.5R',N'Mũi khoan O2,5x70 R','PCS','TH')
INSERT INTO VAT_TU (ID_VTU,VIET_TAT, TEN_VTU, ID_DVT, ID_NHOMVTU) VALUES ('VT0000216',N'MK 2.5L',N'Mũi khoan O2,5x70 L','PCS','TH')
INSERT INTO VAT_TU (ID_VTU,VIET_TAT, TEN_VTU, ID_DVT, ID_NHOMVTU) VALUES ('VT0000217',N'MK3R',N'Mũi khoan O3x70 R','PCS','TH')
INSERT INTO VAT_TU (ID_VTU,VIET_TAT, TEN_VTU, ID_DVT, ID_NHOMVTU) VALUES ('VT0000218',N'MK3L',N'Mũi khoan O3x70 L','PCS','TH')
INSERT INTO VAT_TU (ID_VTU,VIET_TAT, TEN_VTU, ID_DVT, ID_NHOMVTU) VALUES ('VT0000219',N'MK3-R',N'Mũi khoan O3x70 R-TQ','PCS','TH')
INSERT INTO VAT_TU (ID_VTU,VIET_TAT, TEN_VTU, ID_DVT, ID_NHOMVTU) VALUES ('VT0000220',N'MK3-L',N'Mũi khoan O3x70 L-TQ','PCS','TH')
INSERT INTO VAT_TU (ID_VTU,VIET_TAT, TEN_VTU, ID_DVT, ID_NHOMVTU) VALUES ('VT0000221',N'MK3.1R',N'Mũi khoan O3,1x70 R','PCS','TH')
INSERT INTO VAT_TU (ID_VTU,VIET_TAT, TEN_VTU, ID_DVT, ID_NHOMVTU) VALUES ('VT0000222',N'MK3.1L',N'Mũi khoan O3,1x70 L','PCS','TH')
INSERT INTO VAT_TU (ID_VTU,VIET_TAT, TEN_VTU, ID_DVT, ID_NHOMVTU) VALUES ('VT0000223',N'MK3.15R',N'Mũi khoan O3.15x70 R','PCS','TH')
INSERT INTO VAT_TU (ID_VTU,VIET_TAT, TEN_VTU, ID_DVT, ID_NHOMVTU) VALUES ('VT0000224',N'MK3.15L',N'Mũi khoan O3.15x70 L','PCS','TH')
INSERT INTO VAT_TU (ID_VTU,VIET_TAT, TEN_VTU, ID_DVT, ID_NHOMVTU) VALUES ('VT0000225',N'MK3.2R',N'Mũi khoan O3,2x70 R','PCS','TH')
INSERT INTO VAT_TU (ID_VTU,VIET_TAT, TEN_VTU, ID_DVT, ID_NHOMVTU) VALUES ('VT0000226',N'MK3.2L',N'Mũi khoan O3,2x70 L','PCS','TH')
INSERT INTO VAT_TU (ID_VTU,VIET_TAT, TEN_VTU, ID_DVT, ID_NHOMVTU) VALUES ('VT0000227',N'MK3.5X12R',N'Mũi khoan 3.5x12x6x70 R','PCS','TH')
INSERT INTO VAT_TU (ID_VTU,VIET_TAT, TEN_VTU, ID_DVT, ID_NHOMVTU) VALUES ('VT0000228',N'MK3.5X12L',N'Mũi khoan 3.5x12x6x70 L','PCS','TH')
INSERT INTO VAT_TU (ID_VTU,VIET_TAT, TEN_VTU, ID_DVT, ID_NHOMVTU) VALUES ('VT0000229',N'MK3.5X16R',N'Mũi khoan 3.5x16+7x70R','PCS','TH')
INSERT INTO VAT_TU (ID_VTU,VIET_TAT, TEN_VTU, ID_DVT, ID_NHOMVTU) VALUES ('VT0000230',N'MK3.5X16L',N'Mũi khoan 3.5x16+7x70L','PCS','TH')
INSERT INTO VAT_TU (ID_VTU,VIET_TAT, TEN_VTU, ID_DVT, ID_NHOMVTU) VALUES ('VT0000231',N'MK4.2R',N'Mũi khoan O4,2x70 R','PCS','TH')
INSERT INTO VAT_TU (ID_VTU,VIET_TAT, TEN_VTU, ID_DVT, ID_NHOMVTU) VALUES ('VT0000232',N'MK4.2L',N'Mũi khoan O4,2x70 L','PCS','TH')
INSERT INTO VAT_TU (ID_VTU,VIET_TAT, TEN_VTU, ID_DVT, ID_NHOMVTU) VALUES ('VT0000233',N'MK4.5R',N'Mũi khoan O4,5x70 R','PCS','TH')
INSERT INTO VAT_TU (ID_VTU,VIET_TAT, TEN_VTU, ID_DVT, ID_NHOMVTU) VALUES ('VT0000234',N'MK4.5L',N'Mũi khoan O4,5x70 L','PCS','TH')
INSERT INTO VAT_TU (ID_VTU,VIET_TAT, TEN_VTU, ID_DVT, ID_NHOMVTU) VALUES ('VT0000235',N'MK4.5+8R',N'Mũi khoan O4,5x12+8x70 R','PCS','TH')
INSERT INTO VAT_TU (ID_VTU,VIET_TAT, TEN_VTU, ID_DVT, ID_NHOMVTU) VALUES ('VT0000236',N'MK4.5+8L',N'Mũi khoan O4,5x12+8x70 L','PCS','TH')
INSERT INTO VAT_TU (ID_VTU,VIET_TAT, TEN_VTU, ID_DVT, ID_NHOMVTU) VALUES ('VT0000237',N'MK4.5X8R',N'Mũi khoan 4.5x8x10x70 R','PCS','TH')
INSERT INTO VAT_TU (ID_VTU,VIET_TAT, TEN_VTU, ID_DVT, ID_NHOMVTU) VALUES ('VT0000238',N'MK4.5X8L',N'Mũi khoan 4.5x8x10x70 L','PCS','TH')
INSERT INTO VAT_TU (ID_VTU,VIET_TAT, TEN_VTU, ID_DVT, ID_NHOMVTU) VALUES ('VT0000239',N'MK4.5+8',N'Mũi khoan 4.5x8+8x70R','PCS','TH')
INSERT INTO VAT_TU (ID_VTU,VIET_TAT, TEN_VTU, ID_DVT, ID_NHOMVTU) VALUES ('VT0000240',N'MK4.5+20L',N'Mũi khoan 4.5x20+8x70l','PCS','TH')
INSERT INTO VAT_TU (ID_VTU,VIET_TAT, TEN_VTU, ID_DVT, ID_NHOMVTU) VALUES ('VT0000241',N'MK4.5+20R',N'Mũi khoan 4.5x20+8x70r','PCS','TH')
INSERT INTO VAT_TU (ID_VTU,VIET_TAT, TEN_VTU, ID_DVT, ID_NHOMVTU) VALUES ('VT0000242',N'MK4.8R',N'Mũi khoan hợp Kim 4.8x70R','PCS','TH')
INSERT INTO VAT_TU (ID_VTU,VIET_TAT, TEN_VTU, ID_DVT, ID_NHOMVTU) VALUES ('VT0000243',N'MK4.8L',N'Mũi khoan hợp Kim 4.8x70L','PCS','TH')
INSERT INTO VAT_TU (ID_VTU,VIET_TAT, TEN_VTU, ID_DVT, ID_NHOMVTU) VALUES ('VT0000244',N'MK5.5R',N'Mũi khoan hợp Kim 5.5x70R','PCS','TH')
INSERT INTO VAT_TU (ID_VTU,VIET_TAT, TEN_VTU, ID_DVT, ID_NHOMVTU) VALUES ('VT0000245',N'MK5.5L',N'Mũi khoan hợp Kim 5.5x70L','PCS','TH')
INSERT INTO VAT_TU (ID_VTU,VIET_TAT, TEN_VTU, ID_DVT, ID_NHOMVTU) VALUES ('VT0000246',N'MK5X70R',N'Mũi khoan O5x70 R','PCS','TH')
INSERT INTO VAT_TU (ID_VTU,VIET_TAT, TEN_VTU, ID_DVT, ID_NHOMVTU) VALUES ('VT0000247',N'MK5X70L',N'Mũi khoan O5x70 L','PCS','TH')
INSERT INTO VAT_TU (ID_VTU,VIET_TAT, TEN_VTU, ID_DVT, ID_NHOMVTU) VALUES ('VT0000248',N'MK6R',N'Mũi khoan O6x70 R','PCS','TH')
INSERT INTO VAT_TU (ID_VTU,VIET_TAT, TEN_VTU, ID_DVT, ID_NHOMVTU) VALUES ('VT0000249',N'MK6L',N'Mũi khoan O6x70 L','PCS','TH')
INSERT INTO VAT_TU (ID_VTU,VIET_TAT, TEN_VTU, ID_DVT, ID_NHOMVTU) VALUES ('VT0000250',N'MK6X15R',N'Mũi khoan 6x15+11x70R','PCS','TH')
INSERT INTO VAT_TU (ID_VTU,VIET_TAT, TEN_VTU, ID_DVT, ID_NHOMVTU) VALUES ('VT0000251',N'MK6X15L',N'Mũi khoan 6x15+11x70L','PCS','TH')
INSERT INTO VAT_TU (ID_VTU,VIET_TAT, TEN_VTU, ID_DVT, ID_NHOMVTU) VALUES ('VT0000252',N'MK6.2',N'Mũi khoan 6.2x70','PCS','TH')
INSERT INTO VAT_TU (ID_VTU,VIET_TAT, TEN_VTU, ID_DVT, ID_NHOMVTU) VALUES ('VT0000253',N'MK6.2X80',N'Mũi tạo rãnh 6.2x12+20x80','PCS','TH')
INSERT INTO VAT_TU (ID_VTU,VIET_TAT, TEN_VTU, ID_DVT, ID_NHOMVTU) VALUES ('VT0000254',N'MK6.5R',N'Mũi khoan O6,5x70 R','PCS','TH')
INSERT INTO VAT_TU (ID_VTU,VIET_TAT, TEN_VTU, ID_DVT, ID_NHOMVTU) VALUES ('VT0000255',N'MK6.5L',N'Mũi khoan O6,5x70 L','PCS','TH')
INSERT INTO VAT_TU (ID_VTU,VIET_TAT, TEN_VTU, ID_DVT, ID_NHOMVTU) VALUES ('VT0000256',N'MK6X10R',N'Mũi khoan 6x10x11x70 R','PCS','TH')
INSERT INTO VAT_TU (ID_VTU,VIET_TAT, TEN_VTU, ID_DVT, ID_NHOMVTU) VALUES ('VT0000257',N'MK6X10L',N'Mũi khoan 6x10x11x70 L','PCS','TH')
INSERT INTO VAT_TU (ID_VTU,VIET_TAT, TEN_VTU, ID_DVT, ID_NHOMVTU) VALUES ('VT0000258',N'MK7X70',N'Mũi khoan 7x70','PCS','TH')
INSERT INTO VAT_TU (ID_VTU,VIET_TAT, TEN_VTU, ID_DVT, ID_NHOMVTU) VALUES ('VT0000259',N'MK7X20',N'Mũi khoan 12x7x20','PCS','TH')
INSERT INTO VAT_TU (ID_VTU,VIET_TAT, TEN_VTU, ID_DVT, ID_NHOMVTU) VALUES ('VT0000260',N'MK7.8X70R',N'Mũi khoan 7.8x70 R','PCS','TH')
INSERT INTO VAT_TU (ID_VTU,VIET_TAT, TEN_VTU, ID_DVT, ID_NHOMVTU) VALUES ('VT0000261',N'MK7.8X70L',N'Mũi khoan 7.8x70 L','PCS','TH')
INSERT INTO VAT_TU (ID_VTU,VIET_TAT, TEN_VTU, ID_DVT, ID_NHOMVTU) VALUES ('VT0000262',N'MK8R',N'Mũi khoan O8x70R','PCS','TH')
INSERT INTO VAT_TU (ID_VTU,VIET_TAT, TEN_VTU, ID_DVT, ID_NHOMVTU) VALUES ('VT0000263',N'MK8L',N'Mũi khoan O8x70 L','PCS','TH')
INSERT INTO VAT_TU (ID_VTU,VIET_TAT, TEN_VTU, ID_DVT, ID_NHOMVTU) VALUES ('VT0000264',N'MK8.2X70',N'Mũi Khoan 8.2x70','PCS','TH')
INSERT INTO VAT_TU (ID_VTU,VIET_TAT, TEN_VTU, ID_DVT, ID_NHOMVTU) VALUES ('VT0000265',N'MK8.5R',N'Mũi khoan O8,5x70 R','PCS','TH')
INSERT INTO VAT_TU (ID_VTU,VIET_TAT, TEN_VTU, ID_DVT, ID_NHOMVTU) VALUES ('VT0000266',N'MK8.5L',N'Mũi khoan O8,5x70 L','PCS','TH')
INSERT INTO VAT_TU (ID_VTU,VIET_TAT, TEN_VTU, ID_DVT, ID_NHOMVTU) VALUES ('VT0000267',N'MK8.5X10+11R',N'Mũi khoan 8.5x10+11x70 R','PCS','TH')
INSERT INTO VAT_TU (ID_VTU,VIET_TAT, TEN_VTU, ID_DVT, ID_NHOMVTU) VALUES ('VT0000268',N'MK8.5X10+11L',N'Mũi khoan 8.5x10+11x70 L','PCS','TH')
INSERT INTO VAT_TU (ID_VTU,VIET_TAT, TEN_VTU, ID_DVT, ID_NHOMVTU) VALUES ('VT0000269',N'MK8.5X10+15R',N'Mũi khoan 8.5x10+15x70R','PCS','TH')
INSERT INTO VAT_TU (ID_VTU,VIET_TAT, TEN_VTU, ID_DVT, ID_NHOMVTU) VALUES ('VT0000270',N'MK8.5X10+15L',N'Mũi khoan 8.5x10+15x70L','PCS','TH')
INSERT INTO VAT_TU (ID_VTU,VIET_TAT, TEN_VTU, ID_DVT, ID_NHOMVTU) VALUES ('VT0000271',N'MK8X100',N'Mũi Khoan 8x100','PCS','TH')
INSERT INTO VAT_TU (ID_VTU,VIET_TAT, TEN_VTU, ID_DVT, ID_NHOMVTU) VALUES ('VT0000272',N'MK8.9X140',N'Mũi khoan O4.5x20x8.9x140','PCS','TH')
INSERT INTO VAT_TU (ID_VTU,VIET_TAT, TEN_VTU, ID_DVT, ID_NHOMVTU) VALUES ('VT0000273',N'MK9R',N'Mũi khoan O9x70 R','PCS','TH')
INSERT INTO VAT_TU (ID_VTU,VIET_TAT, TEN_VTU, ID_DVT, ID_NHOMVTU) VALUES ('VT0000274',N'MK9L',N'Mũi khoan 9x70 L','PCS','TH')
INSERT INTO VAT_TU (ID_VTU,VIET_TAT, TEN_VTU, ID_DVT, ID_NHOMVTU) VALUES ('VT0000275',N'MK9.3X140',N'Mũi khoan O4.5x9.3x140','PCS','TH')
INSERT INTO VAT_TU (ID_VTU,VIET_TAT, TEN_VTU, ID_DVT, ID_NHOMVTU) VALUES ('VT0000276',N'MK10X70R',N'Mũi khoan O10X70 R','PCS','TH')
INSERT INTO VAT_TU (ID_VTU,VIET_TAT, TEN_VTU, ID_DVT, ID_NHOMVTU) VALUES ('VT0000277',N'MK10X70L',N'Mũi khoan O10X70 L','PCS','TH')
INSERT INTO VAT_TU (ID_VTU,VIET_TAT, TEN_VTU, ID_DVT, ID_NHOMVTU) VALUES ('VT0000278',N'MK12X7',N'Mũi khoan 12x7x25','PCS','TH')
INSERT INTO VAT_TU (ID_VTU,VIET_TAT, TEN_VTU, ID_DVT, ID_NHOMVTU) VALUES ('VT0000279',N'MK12X8',N'Mũi khoan 12x8x30','PCS','TH')
INSERT INTO VAT_TU (ID_VTU,VIET_TAT, TEN_VTU, ID_DVT, ID_NHOMVTU) VALUES ('VT0000280',N'MK12X13',N'Mũi tạo rãnh 12x13x30','PCS','TH')
INSERT INTO VAT_TU (ID_VTU,VIET_TAT, TEN_VTU, ID_DVT, ID_NHOMVTU) VALUES ('VT0000281',N'MK12X19',N'Mũi khoan 12x19x30','PCS','TH')
INSERT INTO VAT_TU (ID_VTU,VIET_TAT, TEN_VTU, ID_DVT, ID_NHOMVTU) VALUES ('VT0000282',N'MK12X16',N'Mũi tạo rãnh 12x16x30','PCS','TH')
INSERT INTO VAT_TU (ID_VTU,VIET_TAT, TEN_VTU, ID_DVT, ID_NHOMVTU) VALUES ('VT0000283',N'MK15R',N'Mũi khoan O15x70 R','PCS','TH')
INSERT INTO VAT_TU (ID_VTU,VIET_TAT, TEN_VTU, ID_DVT, ID_NHOMVTU) VALUES ('VT0000284',N'MK15L',N'Mũi khoan O15x70 L','PCS','TH')
INSERT INTO VAT_TU (ID_VTU,VIET_TAT, TEN_VTU, ID_DVT, ID_NHOMVTU) VALUES ('VT0000285',N'MK16',N'Mũi khoan O16X30','PCS','TH')
INSERT INTO VAT_TU (ID_VTU,VIET_TAT, TEN_VTU, ID_DVT, ID_NHOMVTU) VALUES ('VT0000286',N'MK20X70R',N'Mũi khoan O20x70 R','PCS','TH')
INSERT INTO VAT_TU (ID_VTU,VIET_TAT, TEN_VTU, ID_DVT, ID_NHOMVTU) VALUES ('VT0000287',N'MK25R',N'Mũi khoan O25x70 R','PCS','TH')
INSERT INTO VAT_TU (ID_VTU,VIET_TAT, TEN_VTU, ID_DVT, ID_NHOMVTU) VALUES ('VT0000288',N'MK25L',N'Mũi khoan O25x70 L','PCS','TH')
INSERT INTO VAT_TU (ID_VTU,VIET_TAT, TEN_VTU, ID_DVT, ID_NHOMVTU) VALUES ('VT0000289',N'MK35R',N'Mũi khoan O35x70 R','PCS','TH')
INSERT INTO VAT_TU (ID_VTU,VIET_TAT, TEN_VTU, ID_DVT, ID_NHOMVTU) VALUES ('VT0000290',N'MK35L',N'Mũi khoan O35x70 L','PCS','TH')
INSERT INTO VAT_TU (ID_VTU,VIET_TAT, TEN_VTU, ID_DVT, ID_NHOMVTU) VALUES ('VT0000291',N'MK1/2',N'Mũi khoan Router thang 1/2x13x15x2t','PCS','TH')
INSERT INTO VAT_TU (ID_VTU,VIET_TAT, TEN_VTU, ID_DVT, ID_NHOMVTU) VALUES ('VT0000292',N'MK16X20',N'Mũi khoan Router thang16x16x20','PCS','TH')
INSERT INTO VAT_TU (ID_VTU,VIET_TAT, TEN_VTU, ID_DVT, ID_NHOMVTU) VALUES ('VT0000293',N'MK2TCT',N'Mũi khoan Liên kết 2x70r tct','PCS','TH')
INSERT INTO VAT_TU (ID_VTU,VIET_TAT, TEN_VTU, ID_DVT, ID_NHOMVTU) VALUES ('VT0000294',N'MK3T',N'Mũi ruouter Thang 1/2x8x20x3t','PCS','TH')
INSERT INTO VAT_TU (ID_VTU,VIET_TAT, TEN_VTU, ID_DVT, ID_NHOMVTU) VALUES ('VT0000295',N'MK3.5X15R',N'Mũi khoan 3.5x15+6x70r','PCS','TH')
INSERT INTO VAT_TU (ID_VTU,VIET_TAT, TEN_VTU, ID_DVT, ID_NHOMVTU) VALUES ('VT0000296',N'MK3.5X15L',N'Mũi khoan 3.5x15+6x70l','PCS','TH')
INSERT INTO VAT_TU (ID_VTU,VIET_TAT, TEN_VTU, ID_DVT, ID_NHOMVTU) VALUES ('VT0000297',N'MK8.5X15R',N'Mũi khoan 8.5x15+11x70R','PCS','TH')
INSERT INTO VAT_TU (ID_VTU,VIET_TAT, TEN_VTU, ID_DVT, ID_NHOMVTU) VALUES ('VT0000298',N'MK8.5X15L',N'Mũi khoan 8.5x15+11x70L','PCS','TH')
INSERT INTO VAT_TU (ID_VTU,VIET_TAT, TEN_VTU, ID_DVT, ID_NHOMVTU) VALUES ('VT0000299',N'MK8X15R',N'Mũi khoan 8x15+15x70r hơp kim','PCS','TH')
INSERT INTO VAT_TU (ID_VTU,VIET_TAT, TEN_VTU, ID_DVT, ID_NHOMVTU) VALUES ('VT0000300',N'MK8X15L',N'Mũi khoan 8x15+15x70l hơp kim','PCS','TH')
INSERT INTO VAT_TU (ID_VTU,VIET_TAT, TEN_VTU, ID_DVT, ID_NHOMVTU) VALUES ('VT0000301',N'LCTR-12',N'Lưỡi cưa tạo rãnh 180x12x40.2x36T','PCS','TH')
INSERT INTO VAT_TU (ID_VTU,VIET_TAT, TEN_VTU, ID_DVT, ID_NHOMVTU) VALUES ('VT0000302',N'LCTR-08',N'Lưỡi cưa tạo rãnh 180x8.0x40.2x30T','PCS','TH')
INSERT INTO VAT_TU (ID_VTU,VIET_TAT, TEN_VTU, ID_DVT, ID_NHOMVTU) VALUES ('VT0000303',N'MK3X8R',N'Mũi khoan 3x8+6x70r','PCS','TH')
INSERT INTO VAT_TU (ID_VTU,VIET_TAT, TEN_VTU, ID_DVT, ID_NHOMVTU) VALUES ('VT0000304',N'MK3X8L',N'Mũi khoan 3x8+6x70l','PCS','TH')
INSERT INTO VAT_TU (ID_VTU,VIET_TAT, TEN_VTU, ID_DVT, ID_NHOMVTU) VALUES ('VT0000305',N'LC355X3.5',N'Lưỡi cưa 355x3.5x801x1','PCS','TH')
INSERT INTO VAT_TU (ID_VTU,VIET_TAT, TEN_VTU, ID_DVT, ID_NHOMVTU) VALUES ('VT0000306',N'LC450X3.8',N'Lưỡi cưa 450x3.8x1001x30','PCS','TH')
INSERT INTO VAT_TU (ID_VTU,VIET_TAT, TEN_VTU, ID_DVT, ID_NHOMVTU) VALUES ('VT0000307',N'LC305X3.0',N'Lưỡi cưa 305x3.0X25.4X120','PCS','TH')
INSERT INTO VAT_TU (ID_VTU,VIET_TAT, TEN_VTU, ID_DVT, ID_NHOMVTU) VALUES ('VT0000308',N'LC450X4.4',N'Lưỡi cưa 450x4.4x30x72t','PCS','TH')
INSERT INTO VAT_TU (ID_VTU,VIET_TAT, TEN_VTU, ID_DVT, ID_NHOMVTU) VALUES ('VT0000309',N'LC450X4.8',N'Lưỡi cưa 450x4.8x60x84','PCS','TH')
INSERT INTO VAT_TU (ID_VTU,VIET_TAT, TEN_VTU, ID_DVT, ID_NHOMVTU) VALUES ('VT0000310',N'LCBT',N'Lưỡi cưa bàn Trượt 300x3.2x30x96t','PCS','TH')
INSERT INTO VAT_TU (ID_VTU,VIET_TAT, TEN_VTU, ID_DVT, ID_NHOMVTU) VALUES ('VT0000311',N'LCTR',N'Lưỡi cưa tạo rãnh 180x30xh11x36T','PCS','TH')
INSERT INTO VAT_TU (ID_VTU,VIET_TAT, TEN_VTU, ID_DVT, ID_NHOMVTU) VALUES ('VT0000312',N'LCTR6',N'Lưỡi cưa tạo rãnh 180x6x30x36T','PCS','TH')
INSERT INTO VAT_TU (ID_VTU,VIET_TAT, TEN_VTU, ID_DVT, ID_NHOMVTU) VALUES ('VT0000313',N'LCTR8',N'Lưỡi cưa tạo rãnh 180x8x30x36T','PCS','TH')
INSERT INTO VAT_TU (ID_VTU,VIET_TAT, TEN_VTU, ID_DVT, ID_NHOMVTU) VALUES ('VT0000314',N'LCTR9',N'Lưỡi cưa tạo rãnh 180x9x30x36T','PCS','TH')
INSERT INTO VAT_TU (ID_VTU,VIET_TAT, TEN_VTU, ID_DVT, ID_NHOMVTU) VALUES ('VT0000315',N'LC72T',N'Lưỡi cưa 400x4,4x75x72t','PCS','TH')
INSERT INTO VAT_TU (ID_VTU,VIET_TAT, TEN_VTU, ID_DVT, ID_NHOMVTU) VALUES ('VT0000316',N'LC36T',N'Lưỡi cưa 200x4.3/5.3x50x36t','PCS','TH')
INSERT INTO VAT_TU (ID_VTU,VIET_TAT, TEN_VTU, ID_DVT, ID_NHOMVTU) VALUES ('VT0000317',N'LCXD',N'Lưỡi cưa máy Xiangda 450x4.4x75x84t','PCS','TH')
INSERT INTO VAT_TU (ID_VTU,VIET_TAT, TEN_VTU, ID_DVT, ID_NHOMVTU) VALUES ('VT0000318',N'LCEV',N'Luỡi cưa ép Viền 104x3.0/2.0x22x30t','PCS','TH')
INSERT INTO VAT_TU (ID_VTU,VIET_TAT, TEN_VTU, ID_DVT, ID_NHOMVTU) VALUES ('VT0000319',N'LC8.3',N'Lưỡi cưa 180x8.3x30x36t','PCS','TH')
INSERT INTO VAT_TU (ID_VTU,VIET_TAT, TEN_VTU, ID_DVT, ID_NHOMVTU) VALUES ('VT0000320',N'LC6.0',N'Lưỡi cưa 180x6.0x40x30t','PCS','TH')
INSERT INTO VAT_TU (ID_VTU,VIET_TAT, TEN_VTU, ID_DVT, ID_NHOMVTU) VALUES ('VT0000321',N'LCTR24',N'Lưỡi cưa tạo rãnh 180x8x30x24','PCS','TH')
INSERT INTO VAT_TU (ID_VTU,VIET_TAT, TEN_VTU, ID_DVT, ID_NHOMVTU) VALUES ('VT0000322',N'LC24',N'Lưỡi cưa tạo rãnh 180x11x30x24','PCS','TH')
INSERT INTO VAT_TU (ID_VTU,VIET_TAT, TEN_VTU, ID_DVT, ID_NHOMVTU) VALUES ('VT0000323',N'D12.7X2T',N'DAO router Mang cá 12.7x14x16.5/61.5','PCS','TH')
INSERT INTO VAT_TU (ID_VTU,VIET_TAT, TEN_VTU, ID_DVT, ID_NHOMVTU) VALUES ('VT0000324',N'D12.7',N'Dao đánh mộng 12.7x11(13.8/16)x60 (LD2306068)','PCS','TH')
INSERT INTO VAT_TU (ID_VTU,VIET_TAT, TEN_VTU, ID_DVT, ID_NHOMVTU) VALUES ('VT0000325',N'D12X66T',N'DAO router 12x15(6)x7(16)x66t (mặt hộc)','PCS','TH')
INSERT INTO VAT_TU (ID_VTU,VIET_TAT, TEN_VTU, ID_DVT, ID_NHOMVTU) VALUES ('VT0000326',N'TBR2',N'DAO Tubi108x26x40x6t','PCS','TH')
INSERT INTO VAT_TU (ID_VTU,VIET_TAT, TEN_VTU, ID_DVT, ID_NHOMVTU) VALUES ('VT0000327',N'TBR1',N'DAO Tubi125x24x40.2x6t','PCS','TH')
INSERT INTO VAT_TU (ID_VTU,VIET_TAT, TEN_VTU, ID_DVT, ID_NHOMVTU) VALUES ('VT0000328',N'TBR5.2',N'Dao tubi R5.2 125x24x40.2x6T','PCS','TH')
INSERT INTO VAT_TU (ID_VTU,VIET_TAT, TEN_VTU, ID_DVT, ID_NHOMVTU) VALUES ('VT0000329',N'D9.5',N'Dao đánh mộng 12.7x9.5x6.5','PCS','TH')
INSERT INTO VAT_TU (ID_VTU,VIET_TAT, TEN_VTU, ID_DVT, ID_NHOMVTU) VALUES ('VT0000330',N'DP01',N'Dao phay D/16/nl15/812.7x40/l60/z2/rl','PCS','TH')
INSERT INTO VAT_TU (ID_VTU,VIET_TAT, TEN_VTU, ID_DVT, ID_NHOMVTU) VALUES ('VT0000331',N'TBR2X20',N'DAO TUBIR2 108*20*40.2*6T','PCS','TH')
INSERT INTO VAT_TU (ID_VTU,VIET_TAT, TEN_VTU, ID_DVT, ID_NHOMVTU) VALUES ('VT0000332',N'TBR2X24',N'DAO TUBI R2 108*24*40.2*6T','PCS','TH')
INSERT INTO VAT_TU (ID_VTU,VIET_TAT, TEN_VTU, ID_DVT, ID_NHOMVTU) VALUES ('VT0000333',N'TBR4',N'DAO TUBIR1 106*20*40.2*6T','PCS','TH')
INSERT INTO VAT_TU (ID_VTU,VIET_TAT, TEN_VTU, ID_DVT, ID_NHOMVTU) VALUES ('VT0000334',N'TBR5',N'DAO TUBI R1,106*24*40.2*6T','PCS','TH')
INSERT INTO VAT_TU (ID_VTU,VIET_TAT, TEN_VTU, ID_DVT, ID_NHOMVTU) VALUES ('VT0000335',N'TBR6',N'DAO TUBI R1 ,106*27*40.2*6T','PCS','TH')
INSERT INTO VAT_TU (ID_VTU,VIET_TAT, TEN_VTU, ID_DVT, ID_NHOMVTU) VALUES ('VT0000336',N'LC9',N'Lưỡi cưa 180*9.0*40.2*30t','PCS','TH')
INSERT INTO VAT_TU (ID_VTU,VIET_TAT, TEN_VTU, ID_DVT, ID_NHOMVTU) VALUES ('VT0000337',N'LC13',N'Lưỡi cưa 180*13*30*36t','PCS','TH')
INSERT INTO VAT_TU (ID_VTU,VIET_TAT, TEN_VTU, ID_DVT, ID_NHOMVTU) VALUES ('VT0000338',N'NTG240',N'Nhám thùng Giấy 240','TO','TH')
INSERT INTO VAT_TU (ID_VTU,VIET_TAT, TEN_VTU, ID_DVT, ID_NHOMVTU) VALUES ('VT0000339',N'NTG320',N'Nhám thùng Giấy 320','TO','TH')
INSERT INTO VAT_TU (ID_VTU,VIET_TAT, TEN_VTU, ID_DVT, ID_NHOMVTU) VALUES ('VT0000340',N'NTG400',N'Nhám thùng Giấy 400','TO','TH')
INSERT INTO VAT_TU (ID_VTU,VIET_TAT, TEN_VTU, ID_DVT, ID_NHOMVTU) VALUES ('VT0000341',N'NM400',N'Nhám mút 400/69*98','TO','TH')
INSERT INTO VAT_TU (ID_VTU,VIET_TAT, TEN_VTU, ID_DVT, ID_NHOMVTU) VALUES ('VT0000342',N'NTG600',N'Nhám thùng Giấy 600  ','TO','TH')
INSERT INTO VAT_TU (ID_VTU,VIET_TAT, TEN_VTU, ID_DVT, ID_NHOMVTU) VALUES ('VT0000343',N'NT100',N'Nhám tròn 100','TO','TH')
INSERT INTO VAT_TU (ID_VTU,VIET_TAT, TEN_VTU, ID_DVT, ID_NHOMVTU) VALUES ('VT0000344',N'NTT240',N'Nhám tờ toa 240','TO','TH')
INSERT INTO VAT_TU (ID_VTU,VIET_TAT, TEN_VTU, ID_DVT, ID_NHOMVTU) VALUES ('VT0000345',N'NTT320',N'Nhám tờ toa 320','TO','TH')
INSERT INTO VAT_TU (ID_VTU,VIET_TAT, TEN_VTU, ID_DVT, ID_NHOMVTU) VALUES ('VT0000346',N'NTT400',N'Nhám tờ toa 400','TO','NVL')
INSERT INTO VAT_TU (ID_VTU,VIET_TAT, TEN_VTU, ID_DVT, ID_NHOMVTU) VALUES ('VT0000347',N'NX150',N'Nhám xốp150','TO','NVL')
INSERT INTO VAT_TU (ID_VTU,VIET_TAT, TEN_VTU, ID_DVT, ID_NHOMVTU) VALUES ('VT0000348',N'NX320',N'Nhám xốp320','TO','NVL')
INSERT INTO VAT_TU (ID_VTU,VIET_TAT, TEN_VTU, ID_DVT, ID_NHOMVTU) VALUES ('VT0000349',N'NX240',N'Nhám xốp240','TO','NVL')
INSERT INTO VAT_TU (ID_VTU,VIET_TAT, TEN_VTU, ID_DVT, ID_NHOMVTU) VALUES ('VT0000350',N'NN',N'Nhám Nĩ150x230','TO','NVL')
INSERT INTO VAT_TU (ID_VTU,VIET_TAT, TEN_VTU, ID_DVT, ID_NHOMVTU) VALUES ('VT0000351',N'NC180',N'Nhám Cuộn180x45M','CU','NVL')
INSERT INTO VAT_TU (ID_VTU,VIET_TAT, TEN_VTU, ID_DVT, ID_NHOMVTU) VALUES ('VT0000352',N'NT150',N'Nhám tròn 150','TO','NVL')
INSERT INTO VAT_TU (ID_VTU,VIET_TAT, TEN_VTU, ID_DVT, ID_NHOMVTU) VALUES ('VT0000353',N'NT240',N'Nhám tròn 240','TO','NVL')
INSERT INTO VAT_TU (ID_VTU,VIET_TAT, TEN_VTU, ID_DVT, ID_NHOMVTU) VALUES ('VT0000354',N'NT320',N'Nhám tròn 320','TO','NVL')
INSERT INTO VAT_TU (ID_VTU,VIET_TAT, TEN_VTU, ID_DVT, ID_NHOMVTU) VALUES ('VT0000355',N'NT400',N'Nhám tròn 400','TO','NVL')
INSERT INTO VAT_TU (ID_VTU,VIET_TAT, TEN_VTU, ID_DVT, ID_NHOMVTU) VALUES ('VT0000356',N'NHN',N'Nhám nhung','TO','NVL')
INSERT INTO VAT_TU (ID_VTU,VIET_TAT, TEN_VTU, ID_DVT, ID_NHOMVTU) VALUES ('VT0000357',N'VN120LC',N'Vải nhám Thùng p120 lăn cạnh','TO','NVL')
INSERT INTO VAT_TU (ID_VTU,VIET_TAT, TEN_VTU, ID_DVT, ID_NHOMVTU) VALUES ('VT0000358',N'VN320LC',N'Vải nhám Thùng p320 lăn cạnh (AJ25M)','TO','NVL')
INSERT INTO VAT_TU (ID_VTU,VIET_TAT, TEN_VTU, ID_DVT, ID_NHOMVTU) VALUES ('VT0000359',N'VN400LC',N'Vải nhám Thùng p400 lăn cạnh','TO','NVL')
INSERT INTO VAT_TU (ID_VTU,VIET_TAT, TEN_VTU, ID_DVT, ID_NHOMVTU) VALUES ('VT0000360',N'VN600LC',N'Vải nhám Thùng AJ25M75 lăn cạnh (75x2050xp600)','TO','NVL')
INSERT INTO VAT_TU (ID_VTU,VIET_TAT, TEN_VTU, ID_DVT, ID_NHOMVTU) VALUES ('VT0000361',N'UV101G',N'Sơn phủ uv Không màu','KG','NVL')
INSERT INTO VAT_TU (ID_VTU,VIET_TAT, TEN_VTU, ID_DVT, ID_NHOMVTU) VALUES ('VT0000362',N'UV201G',N'Sơn lót uv Màu trắng nồng độ cao-25 G','KG','NVL')
INSERT INTO VAT_TU (ID_VTU,VIET_TAT, TEN_VTU, ID_DVT, ID_NHOMVTU) VALUES ('VT0000363',N'UV201GT',N'Sơn lót uv Màu trắng nồng độ cao-25 GT','KG','NVL')
INSERT INTO VAT_TU (ID_VTU,VIET_TAT, TEN_VTU, ID_DVT, ID_NHOMVTU) VALUES ('VT0000364',N'UV201',N'Sơn lót uv Kết dinh -25','KG','NVL')
INSERT INTO VAT_TU (ID_VTU,VIET_TAT, TEN_VTU, ID_DVT, ID_NHOMVTU) VALUES ('VT0000365',N'UV207',N'Sơn lót uv Siêu trắng-25','KG','NVL')
INSERT INTO VAT_TU (ID_VTU,VIET_TAT, TEN_VTU, ID_DVT, ID_NHOMVTU) VALUES ('VT0000366',N'UV401',N'Sơn phủ uv Clear mờ','KG','NVL')
INSERT INTO VAT_TU (ID_VTU,VIET_TAT, TEN_VTU, ID_DVT, ID_NHOMVTU) VALUES ('VT0000367',N'UV501',N'Sơn mặt siêu Trắng-20','KG','NVL')
INSERT INTO VAT_TU (ID_VTU,VIET_TAT, TEN_VTU, ID_DVT, ID_NHOMVTU) VALUES ('VT0000368',N'UV501G',N'Sơn mặt uv Màu trắng-90','KG','NVL')
INSERT INTO VAT_TU (ID_VTU,VIET_TAT, TEN_VTU, ID_DVT, ID_NHOMVTU) VALUES ('VT0000369',N'UVC1023',N'Sơn lót lăn Uv kết dính-25','KG','NVL')
INSERT INTO VAT_TU (ID_VTU,VIET_TAT, TEN_VTU, ID_DVT, ID_NHOMVTU) VALUES ('VT0000370',N'RM163',N'Dung dịch rữa Máy 163','KG','NVL')
INSERT INTO VAT_TU (ID_VTU,VIET_TAT, TEN_VTU, ID_DVT, ID_NHOMVTU) VALUES ('VT0000371',N'C0053',N'Sơn mặt NC Màu trắng-20','KG','NVL')
INSERT INTO VAT_TU (ID_VTU,VIET_TAT, TEN_VTU, ID_DVT, ID_NHOMVTU) VALUES ('VT0000372',N'KN46',N'Dung môi NC-17    (kn0046)','KG','NVL')
INSERT INTO VAT_TU (ID_VTU,VIET_TAT, TEN_VTU, ID_DVT, ID_NHOMVTU) VALUES ('VT0000373',N'FN1212',N'Sơn bóng Pu-18kg','KG','NVL')
INSERT INTO VAT_TU (ID_VTU,VIET_TAT, TEN_VTU, ID_DVT, ID_NHOMVTU) VALUES ('VT0000374',N'VB031',N'Bột nhão màu Đen 4','KG','NVL')
INSERT INTO VAT_TU (ID_VTU,VIET_TAT, TEN_VTU, ID_DVT, ID_NHOMVTU) VALUES ('VT0000375',N'VB036',N'Bột nhão màu Đỏ-4kg','KG','NVL')
INSERT INTO VAT_TU (ID_VTU,VIET_TAT, TEN_VTU, ID_DVT, ID_NHOMVTU) VALUES ('VT0000376',N'VB037',N'Bột nhão Màu  Tím','KG','NVL')
INSERT INTO VAT_TU (ID_VTU,VIET_TAT, TEN_VTU, ID_DVT, ID_NHOMVTU) VALUES ('VT0000377',N'VB038',N'Bột nhão Màu  Vàng 4','KG','NVL')
INSERT INTO VAT_TU (ID_VTU,VIET_TAT, TEN_VTU, ID_DVT, ID_NHOMVTU) VALUES ('VT0000378',N'VB039',N'Bột nhão màu Xanh dương','KG','NVL')
INSERT INTO VAT_TU (ID_VTU,VIET_TAT, TEN_VTU, ID_DVT, ID_NHOMVTU) VALUES ('VT0000379',N'TB-036',N'Sơn màu đỏ-4','KG','NVL')
INSERT INTO VAT_TU (ID_VTU,VIET_TAT, TEN_VTU, ID_DVT, ID_NHOMVTU) VALUES ('VT0000380',N'TB-037',N' Sơn màu tím -4','KG','NVL')
INSERT INTO VAT_TU (ID_VTU,VIET_TAT, TEN_VTU, ID_DVT, ID_NHOMVTU) VALUES ('VT0000381',N'TB038',N'Sơn vàng-4','KG','NVL')
INSERT INTO VAT_TU (ID_VTU,VIET_TAT, TEN_VTU, ID_DVT, ID_NHOMVTU) VALUES ('VT0000382',N'W179',N'Sơn lót NC Màu trắng-24','KG','NVL')
INSERT INTO VAT_TU (ID_VTU,VIET_TAT, TEN_VTU, ID_DVT, ID_NHOMVTU) VALUES ('VT0000383',N'EK89004',N'Bột trét gốc Nước-25  (WB0002-1)','KG','NVL')
INSERT INTO VAT_TU (ID_VTU,VIET_TAT, TEN_VTU, ID_DVT, ID_NHOMVTU) VALUES ('VT0000384',N'PSR-8122',N'Màu đỏ oxy Hoá-7','KG','NVL')
INSERT INTO VAT_TU (ID_VTU,VIET_TAT, TEN_VTU, ID_DVT, ID_NHOMVTU) VALUES ('VT0000385',N'PSY-8132',N'Màu vàng oxy Hoá-7','KG','NVL')
INSERT INTO VAT_TU (ID_VTU,VIET_TAT, TEN_VTU, ID_DVT, ID_NHOMVTU) VALUES ('VT0000386',N'PSB-8874',N'Sơn màu đen-5','KG','NVL')
INSERT INTO VAT_TU (ID_VTU,VIET_TAT, TEN_VTU, ID_DVT, ID_NHOMVTU) VALUES ('VT0000387',N'DYB-3273',N'Màu đen','KG','NVL')
INSERT INTO VAT_TU (ID_VTU,VIET_TAT, TEN_VTU, ID_DVT, ID_NHOMVTU) VALUES ('VT0000388',N'DYL-3230',N'Màu vàng','KG','NVL')
INSERT INTO VAT_TU (ID_VTU,VIET_TAT, TEN_VTU, ID_DVT, ID_NHOMVTU) VALUES ('VT0000389',N'DYR-3226',N'Màu đỏ','KG','NVL')
INSERT INTO VAT_TU (ID_VTU,VIET_TAT, TEN_VTU, ID_DVT, ID_NHOMVTU) VALUES ('VT0000390',N'GZC91',N'Dung môi hoa Hồng+thông-15','KG','NVL')
INSERT INTO VAT_TU (ID_VTU,VIET_TAT, TEN_VTU, ID_DVT, ID_NHOMVTU) VALUES ('VT0000391',N'991C302MU',N'Sơn phun cạnh','KG','NVL')
INSERT INTO VAT_TU (ID_VTU,VIET_TAT, TEN_VTU, ID_DVT, ID_NHOMVTU) VALUES ('VT0000392',N'VNC0233',N'Sơn bóng NC-18K','KG','NVL')
INSERT INTO VAT_TU (ID_VTU,VIET_TAT, TEN_VTU, ID_DVT, ID_NHOMVTU) VALUES ('VT0000393',N'FY0001',N'Bán thành Phẩm-20k','KG','NVL')
INSERT INTO VAT_TU (ID_VTU,VIET_TAT, TEN_VTU, ID_DVT, ID_NHOMVTU) VALUES ('VT0000394',N'FN0025',N'Sơn lót NC-18K','KG','NVL')
INSERT INTO VAT_TU (ID_VTU,VIET_TAT, TEN_VTU, ID_DVT, ID_NHOMVTU) VALUES ('VT0000395',N'UV-Y01',N'Bột nhão Mờ-20kg','KG','NVL')
INSERT INTO VAT_TU (ID_VTU,VIET_TAT, TEN_VTU, ID_DVT, ID_NHOMVTU) VALUES ('VT0000396',N'VHD50',N'Chất cứng PU -4.5KG','KG','NVL')
INSERT INTO VAT_TU (ID_VTU,VIET_TAT, TEN_VTU, ID_DVT, ID_NHOMVTU) VALUES ('VT0000397',N'DM38',N'Dung môi PU-18KG (KN0038)','KG','NVL')
INSERT INTO VAT_TU (ID_VTU,VIET_TAT, TEN_VTU, ID_DVT, ID_NHOMVTU) VALUES ('VT0000398',N'W43',N'Sơn bóng PU-20kg','KG','NVL')
INSERT INTO VAT_TU (ID_VTU,VIET_TAT, TEN_VTU, ID_DVT, ID_NHOMVTU) VALUES ('VT0000399',N'UV302',N'Chất làm đầy Cạnh biên','KG','NVL')
INSERT INTO VAT_TU (ID_VTU,VIET_TAT, TEN_VTU, ID_DVT, ID_NHOMVTU) VALUES ('VT0000400',N'UV201F',N'Sơn lót uv Cạnh biên','KG','NVL')
INSERT INTO VAT_TU (ID_VTU,VIET_TAT, TEN_VTU, ID_DVT, ID_NHOMVTU) VALUES ('VT0000401',N'UV307',N'Chất làm đầy Uv tạo bám-25','KG','NVL')
INSERT INTO VAT_TU (ID_VTU,VIET_TAT, TEN_VTU, ID_DVT, ID_NHOMVTU) VALUES ('VT0000402',N'NC450',N'Sơn lót NC450-wvn -111','KG','NVL')
INSERT INTO VAT_TU (ID_VTU,VIET_TAT, TEN_VTU, ID_DVT, ID_NHOMVTU) VALUES ('VT0000403',N'DM2426',N'Dung môi pha Sơn 480-vxn-2426','KG','NVL')
INSERT INTO VAT_TU (ID_VTU,VIET_TAT, TEN_VTU, ID_DVT, ID_NHOMVTU) VALUES ('VT0000404',N'XVN-2457',N'Dung môi chậm Khô AC','KG','NVL')
INSERT INTO VAT_TU (ID_VTU,VIET_TAT, TEN_VTU, ID_DVT, ID_NHOMVTU) VALUES ('VT0000405',N'NC410',N'Sơn mặt nc Bóng-410-30wvn-210','KG','NVL')
INSERT INTO VAT_TU (ID_VTU,VIET_TAT, TEN_VTU, ID_DVT, ID_NHOMVTU) VALUES ('VT0000406',N'403-5227',N'Sơn bóng Uv-403','KG','TH')
INSERT INTO VAT_TU (ID_VTU,VIET_TAT, TEN_VTU, ID_DVT, ID_NHOMVTU) VALUES ('VT0000407',N'422-5329',N'Sơn lót Uv-422','KG','TH')
INSERT INTO VAT_TU (ID_VTU,VIET_TAT, TEN_VTU, ID_DVT, ID_NHOMVTU) VALUES ('VT0000408',N'CVN-324',N'Chất giảm Bóng-50CVN-324','KG','TH')
INSERT INTO VAT_TU (ID_VTU,VIET_TAT, TEN_VTU, ID_DVT, ID_NHOMVTU) VALUES ('VT0000409',N'UV107',N'Sơn lót uv Không màu','KG','TH')
INSERT INTO VAT_TU (ID_VTU,VIET_TAT, TEN_VTU, ID_DVT, ID_NHOMVTU) VALUES ('VT0000410',N'VT-1173',N'Chất dẫn Sáng-4kg (1173)','KG','TH')
INSERT INTO VAT_TU (ID_VTU,VIET_TAT, TEN_VTU, ID_DVT, ID_NHOMVTU) VALUES ('VT0000411',N'VT-1108',N'Chất dẫn Sáng-4kg (1108)','KG','TH')
INSERT INTO VAT_TU (ID_VTU,VIET_TAT, TEN_VTU, ID_DVT, ID_NHOMVTU) VALUES ('VT0000412',N'S01',N'Tinh màu Đỏ-5kg','KG','TH')
INSERT INTO VAT_TU (ID_VTU,VIET_TAT, TEN_VTU, ID_DVT, ID_NHOMVTU) VALUES ('VT0000413',N'S02',N'Tinh màu Vàng-5kg','KG','TH')
INSERT INTO VAT_TU (ID_VTU,VIET_TAT, TEN_VTU, ID_DVT, ID_NHOMVTU) VALUES ('VT0000414',N'S03',N'Tinh màu Đen-5kg','KG','TH')
INSERT INTO VAT_TU (ID_VTU,VIET_TAT, TEN_VTU, ID_DVT, ID_NHOMVTU) VALUES ('VT0000415',N'UV501N',N'Sơn lót uv Màu trắng mờ (10)','KG','TH')
INSERT INTO VAT_TU (ID_VTU,VIET_TAT, TEN_VTU, ID_DVT, ID_NHOMVTU) VALUES ('VT0000416',N'UV401-9',N'Sơn phủ uv độ Bóng cao ','KG','TH')
INSERT INTO VAT_TU (ID_VTU,VIET_TAT, TEN_VTU, ID_DVT, ID_NHOMVTU) VALUES ('VT0000417',N'WVN-284',N'Sơn bóng AC Trắng (330-30WVN)','KG','TH')
INSERT INTO VAT_TU (ID_VTU,VIET_TAT, TEN_VTU, ID_DVT, ID_NHOMVTU) VALUES ('VT0000418',N'WVN-292',N'Sơn bóng AC (330-20WVN)','KG','TH')
INSERT INTO VAT_TU (ID_VTU,VIET_TAT, TEN_VTU, ID_DVT, ID_NHOMVTU) VALUES ('VT0000419',N'WVN-296',N'Sơn lót AC Trắng 373-WVN-296','KG','TH')
INSERT INTO VAT_TU (ID_VTU,VIET_TAT, TEN_VTU, ID_DVT, ID_NHOMVTU) VALUES ('VT0000420',N'JVN-394',N'Sơn cứng AC 830-JVN-394','KG','TH')
INSERT INTO VAT_TU (ID_VTU,VIET_TAT, TEN_VTU, ID_DVT, ID_NHOMVTU) VALUES ('VT0000421',N'AC-462',N'Sơn bóng AC 20-ACVN462(830-20VN)','KG','TH')
INSERT INTO VAT_TU (ID_VTU,VIET_TAT, TEN_VTU, ID_DVT, ID_NHOMVTU) VALUES ('VT0000422',N'XVN-3679',N'Dung môi pha Sơn AC','KG','TH')
INSERT INTO VAT_TU (ID_VTU,VIET_TAT, TEN_VTU, ID_DVT, ID_NHOMVTU) VALUES ('VT0000423',N'BVN-5250',N'Chất màu đen AC','KG','TH')
INSERT INTO VAT_TU (ID_VTU,VIET_TAT, TEN_VTU, ID_DVT, ID_NHOMVTU) VALUES ('VT0000424',N'AVN-5253',N'AC-bột nhão Màu xanh','KG','TH')
INSERT INTO VAT_TU (ID_VTU,VIET_TAT, TEN_VTU, ID_DVT, ID_NHOMVTU) VALUES ('VT0000425',N'YVN-5255',N'Chất màu vàng AC','KG','TH')
INSERT INTO VAT_TU (ID_VTU,VIET_TAT, TEN_VTU, ID_DVT, ID_NHOMVTU) VALUES ('VT0000426',N'YVN-011',N'Bột màu vàng Trong suốt','KG','TH')
INSERT INTO VAT_TU (ID_VTU,VIET_TAT, TEN_VTU, ID_DVT, ID_NHOMVTU) VALUES ('VT0000427',N'BVN-079',N'Bột màu đen Trong suốt','KG','TH')
INSERT INTO VAT_TU (ID_VTU,VIET_TAT, TEN_VTU, ID_DVT, ID_NHOMVTU) VALUES ('VT0000428',N'AVN-428',N'Bột màu xanh Trong suốt','KG','TH')
INSERT INTO VAT_TU (ID_VTU,VIET_TAT, TEN_VTU, ID_DVT, ID_NHOMVTU) VALUES ('VT0000429',N'RVN-438',N'Bột màu đỏ Trong suốt','KG','TH')
INSERT INTO VAT_TU (ID_VTU,VIET_TAT, TEN_VTU, ID_DVT, ID_NHOMVTU) VALUES ('VT0000430',N'OVN-342A',N'Bột trét NC','KG','TH')
INSERT INTO VAT_TU (ID_VTU,VIET_TAT, TEN_VTU, ID_DVT, ID_NHOMVTU) VALUES ('VT0000431',N'GS01',N'Trục gạt sơn INOX 140x31','PCS','TH')
INSERT INTO VAT_TU (ID_VTU,VIET_TAT, TEN_VTU, ID_DVT, ID_NHOMVTU) VALUES ('VT0000432',N'W101',N'Súng phun sơn W-101','PCS','TH')
INSERT INTO VAT_TU (ID_VTU,VIET_TAT, TEN_VTU, ID_DVT, ID_NHOMVTU) VALUES ('VT0000433',N'BS',N'Máy bơm sơn','PCS','TH')
INSERT INTO VAT_TU (ID_VTU,VIET_TAT, TEN_VTU, ID_DVT, ID_NHOMVTU) VALUES ('VT0000434',N'TLS1450',N'Trục lăn Sơn1450x250','PCS','TH')
INSERT INTO VAT_TU (ID_VTU,VIET_TAT, TEN_VTU, ID_DVT, ID_NHOMVTU) VALUES ('VT0000435',N'GA1490',N'Bóng đèn UV-ga11,2-1490','PCS','TH')
INSERT INTO VAT_TU (ID_VTU,VIET_TAT, TEN_VTU, ID_DVT, ID_NHOMVTU) VALUES ('VT0000436',N'GA1478',N'Đèn Galium  12kw x1478','PCS','TH')
INSERT INTO VAT_TU (ID_VTU,VIET_TAT, TEN_VTU, ID_DVT, ID_NHOMVTU) VALUES ('VT0000437',N'HG1478',N'Đèn thủy ngân 12kw x1478','PCS','TH')
INSERT INTO VAT_TU (ID_VTU,VIET_TAT, TEN_VTU, ID_DVT, ID_NHOMVTU) VALUES ('VT0000438',N'HG1490',N'Đèn thủy ngân 11,2kw x1490','PCS','TH')
INSERT INTO VAT_TU (ID_VTU,VIET_TAT, TEN_VTU, ID_DVT, ID_NHOMVTU) VALUES ('VT0000439',N'QUẠT',N'Quạt tán Nhiệt 60x60','PCS','TH')
INSERT INTO VAT_TU (ID_VTU,VIET_TAT, TEN_VTU, ID_DVT, ID_NHOMVTU) VALUES ('VT0000440',N'GA11.2',N'Bóng Galium11.2*1478mm','PCS','TH')
INSERT INTO VAT_TU (ID_VTU,VIET_TAT, TEN_VTU, ID_DVT, ID_NHOMVTU) VALUES ('VT0000441',N'HG11.2',N'Bóng Mercury11.2*1478mm','PCS','TH')
INSERT INTO VAT_TU (ID_VTU,VIET_TAT, TEN_VTU, ID_DVT, ID_NHOMVTU) VALUES ('VT0000442',N'GA460',N'Bóng galium 460x3kw','PCS','TH')
INSERT INTO VAT_TU (ID_VTU,VIET_TAT, TEN_VTU, ID_DVT, ID_NHOMVTU) VALUES ('VT0000443',N'GA360',N'Bóng galium 360x3kw','PCS','TH')
INSERT INTO VAT_TU (ID_VTU,VIET_TAT, TEN_VTU, ID_DVT, ID_NHOMVTU) VALUES ('VT0000444',N'HG460',N'Đèn thủy ngân 460-3kw','PCS','TH')
INSERT INTO VAT_TU (ID_VTU,VIET_TAT, TEN_VTU, ID_DVT, ID_NHOMVTU) VALUES ('VT0000445',N'LỌC SƠN',N'Túi lọc sơn NMO 125','PCS','TH')
INSERT INTO VAT_TU (ID_VTU,VIET_TAT, TEN_VTU, ID_DVT, ID_NHOMVTU) VALUES ('VT0000446',N'CS',N'Cạo sơn Uv,40x5x3000mm','PCS','TH')
INSERT INTO VAT_TU (ID_VTU,VIET_TAT, TEN_VTU, ID_DVT, ID_NHOMVTU) VALUES ('VT0000447',N'W71',N'Súng phun sơn IWATA','PCS','TH')
INSERT INTO VAT_TU (ID_VTU,VIET_TAT, TEN_VTU, ID_DVT, ID_NHOMVTU) VALUES ('VT0000448',N'DL',N'Đế lót (bo4556)','PCS','TH')
INSERT INTO VAT_TU (ID_VTU,VIET_TAT, TEN_VTU, ID_DVT, ID_NHOMVTU) VALUES ('VT0000449',N'MKS',N'Máy khuấy sơn Khí nén','PCS','TH')
INSERT INTO VAT_TU (ID_VTU,VIET_TAT, TEN_VTU, ID_DVT, ID_NHOMVTU) VALUES ('VT0000450',N'GH400',N'Bơm mỡ bò','PCS','TH')
INSERT INTO VAT_TU (ID_VTU,VIET_TAT, TEN_VTU, ID_DVT, ID_NHOMVTU) VALUES ('VT0000451',N'BDCNC',N'Bơm dầu CNC','PCS','TH')
INSERT INTO VAT_TU (ID_VTU,VIET_TAT, TEN_VTU, ID_DVT, ID_NHOMVTU) VALUES ('VT0000452',N'TV90',N'Thanh v 90 Nẹp góc','PCS','TH')
INSERT INTO VAT_TU (ID_VTU,VIET_TAT, TEN_VTU, ID_DVT, ID_NHOMVTU) VALUES ('VT0000453',N'TV100',N'Thanh v 100 Nẹp góc','PCS','TH')
INSERT INTO VAT_TU (ID_VTU,VIET_TAT, TEN_VTU, ID_DVT, ID_NHOMVTU) VALUES ('VT0000454',N'TV110',N'Thanh v 110 Nẹp góc','PCS','TH')
INSERT INTO VAT_TU (ID_VTU,VIET_TAT, TEN_VTU, ID_DVT, ID_NHOMVTU) VALUES ('VT0000455',N'TV120',N'Thanh v 120 Nẹp góc','PCS','TH')
INSERT INTO VAT_TU (ID_VTU,VIET_TAT, TEN_VTU, ID_DVT, ID_NHOMVTU) VALUES ('VT0000456',N'TV130',N'Thanh v 130 Nẹp góc','PCS','TH')
INSERT INTO VAT_TU (ID_VTU,VIET_TAT, TEN_VTU, ID_DVT, ID_NHOMVTU) VALUES ('VT0000457',N'TV140',N'Thanh v 140 Nẹp góc','PCS','TH')
INSERT INTO VAT_TU (ID_VTU,VIET_TAT, TEN_VTU, ID_DVT, ID_NHOMVTU) VALUES ('VT0000458',N'TV150',N'Thanh v 150 Nẹp góc','PCS','TH')
INSERT INTO VAT_TU (ID_VTU,VIET_TAT, TEN_VTU, ID_DVT, ID_NHOMVTU) VALUES ('VT0000459',N'TV160',N'Thanh v 160 Nẹp góc','PCS','TH')
INSERT INTO VAT_TU (ID_VTU,VIET_TAT, TEN_VTU, ID_DVT, ID_NHOMVTU) VALUES ('VT0000460',N'TV170',N'Thanh v 170 Nẹp góc','PCS','TH')
INSERT INTO VAT_TU (ID_VTU,VIET_TAT, TEN_VTU, ID_DVT, ID_NHOMVTU) VALUES ('VT0000461',N'TV180',N'Thanh v 180 Nẹp góc','PCS','TH')
INSERT INTO VAT_TU (ID_VTU,VIET_TAT, TEN_VTU, ID_DVT, ID_NHOMVTU) VALUES ('VT0000462',N'TV200',N'Thanh v 200 Nẹp góc','PCS','TH')
INSERT INTO VAT_TU (ID_VTU,VIET_TAT, TEN_VTU, ID_DVT, ID_NHOMVTU) VALUES ('VT0000463',N'TV230',N'Thanh v 230 Nẹp góc','PCS','TH')
INSERT INTO VAT_TU (ID_VTU,VIET_TAT, TEN_VTU, ID_DVT, ID_NHOMVTU) VALUES ('VT0000464',N'TV240',N'Thanh v 240 Nẹp góc','PCS','TH')
INSERT INTO VAT_TU (ID_VTU,VIET_TAT, TEN_VTU, ID_DVT, ID_NHOMVTU) VALUES ('VT0000465',N'TV250',N'Thanh v 250 Nẹp góc','PCS','TH')
INSERT INTO VAT_TU (ID_VTU,VIET_TAT, TEN_VTU, ID_DVT, ID_NHOMVTU) VALUES ('VT0000466',N'TV260',N'Thanh v 260 Nẹp góc','PCS','TH')
INSERT INTO VAT_TU (ID_VTU,VIET_TAT, TEN_VTU, ID_DVT, ID_NHOMVTU) VALUES ('VT0000467',N'TV280',N'Thanh v 280 Nẹp góc','PCS','TH')
INSERT INTO VAT_TU (ID_VTU,VIET_TAT, TEN_VTU, ID_DVT, ID_NHOMVTU) VALUES ('VT0000468',N'TV310',N'Thanh v 310 Nẹp góc','PCS','TH')
INSERT INTO VAT_TU (ID_VTU,VIET_TAT, TEN_VTU, ID_DVT, ID_NHOMVTU) VALUES ('VT0000469',N'TV315',N'Thanh v 315 Nẹp góc','PCS','TH')
INSERT INTO VAT_TU (ID_VTU,VIET_TAT, TEN_VTU, ID_DVT, ID_NHOMVTU) VALUES ('VT0000470',N'XH',N'Xốp hơi  140x100','TA','TH')
INSERT INTO VAT_TU (ID_VTU,VIET_TAT, TEN_VTU, ID_DVT, ID_NHOMVTU) VALUES ('VT0000471',N'FOAM',N'Màng foam 105x0,5','TA','TH')
INSERT INTO VAT_TU (ID_VTU,VIET_TAT, TEN_VTU, ID_DVT, ID_NHOMVTU) VALUES ('VT0000472',N'MX10',N'Mút xốp khối 1000x1000x10','TA','TH')
INSERT INTO VAT_TU (ID_VTU,VIET_TAT, TEN_VTU, ID_DVT, ID_NHOMVTU) VALUES ('VT0000473',N'MX15',N'Mút xốp khối 1000x1000x15','TA','TH')
INSERT INTO VAT_TU (ID_VTU,VIET_TAT, TEN_VTU, ID_DVT, ID_NHOMVTU) VALUES ('VT0000474',N'MX20',N'Mút xốp khối 1000x1000x20','TA','TH')
INSERT INTO VAT_TU (ID_VTU,VIET_TAT, TEN_VTU, ID_DVT, ID_NHOMVTU) VALUES ('VT0000475',N'MX25',N'Mút xốp khối 1000x1000x25','TA','TH')
INSERT INTO VAT_TU (ID_VTU,VIET_TAT, TEN_VTU, ID_DVT, ID_NHOMVTU) VALUES ('VT0000476',N'MX30',N'Mút xốp khối 1000x1000x30','TA','TH')
INSERT INTO VAT_TU (ID_VTU,VIET_TAT, TEN_VTU, ID_DVT, ID_NHOMVTU) VALUES ('VT0000477',N'MX35',N'Mút xốp khối 1000x1000x35','TA','TH')
INSERT INTO VAT_TU (ID_VTU,VIET_TAT, TEN_VTU, ID_DVT, ID_NHOMVTU) VALUES ('VT0000478',N'MX40',N'Mút xốp khối 1000x1000x40','TA','TH')
INSERT INTO VAT_TU (ID_VTU,VIET_TAT, TEN_VTU, ID_DVT, ID_NHOMVTU) VALUES ('VT0000479',N'MX45',N'Mút xốp khối 1000x1000x45','TA','TH')
INSERT INTO VAT_TU (ID_VTU,VIET_TAT, TEN_VTU, ID_DVT, ID_NHOMVTU) VALUES ('VT0000480',N'MX50',N'Mút xốp khối 1000x1000x50','TA','TH')
INSERT INTO VAT_TU (ID_VTU,VIET_TAT, TEN_VTU, ID_DVT, ID_NHOMVTU) VALUES ('VT0000481',N'TC',N'Thạch cao (lâu không sử dụng)','BA','TH')
INSERT INTO VAT_TU (ID_VTU,VIET_TAT, TEN_VTU, ID_DVT, ID_NHOMVTU) VALUES ('VT0000482',N'BCL',N'Bột cao lanh (lâu không sử dụng)','BA','TH')
INSERT INTO VAT_TU (ID_VTU,VIET_TAT, TEN_VTU, ID_DVT, ID_NHOMVTU) VALUES ('VT0000483',N'K502',N'Keo 502','LO','TH')
INSERT INTO VAT_TU (ID_VTU,VIET_TAT, TEN_VTU, ID_DVT, ID_NHOMVTU) VALUES ('VT0000484',N'KS',N'Keo sữa 339 (1kg)','KG','TH')
INSERT INTO VAT_TU (ID_VTU,VIET_TAT, TEN_VTU, ID_DVT, ID_NHOMVTU) VALUES ('VT0000485',N'KEV',N'Keo ép Viền-25kg','KG','TH')
INSERT INTO VAT_TU (ID_VTU,VIET_TAT, TEN_VTU, ID_DVT, ID_NHOMVTU) VALUES ('VT0000486',N'KP66',N'Keo rồng vàng P66','LO','TH')
INSERT INTO VAT_TU (ID_VTU,VIET_TAT, TEN_VTU, ID_DVT, ID_NHOMVTU) VALUES ('VT0000487',N'PE9',N'Bọc pe 9x10','KG','TH')
INSERT INTO VAT_TU (ID_VTU,VIET_TAT, TEN_VTU, ID_DVT, ID_NHOMVTU) VALUES ('VT0000488',N'PE15X15',N'Bọc pe đỏ 15x15','KG','TH')
INSERT INTO VAT_TU (ID_VTU,VIET_TAT, TEN_VTU, ID_DVT, ID_NHOMVTU) VALUES ('VT0000489',N'PE15',N'Bọc pe đỏ 15x21','KG','TH')
INSERT INTO VAT_TU (ID_VTU,VIET_TAT, TEN_VTU, ID_DVT, ID_NHOMVTU) VALUES ('VT0000490',N'BKT',N'Băng keo Trong','CU','TH')
INSERT INTO VAT_TU (ID_VTU,VIET_TAT, TEN_VTU, ID_DVT, ID_NHOMVTU) VALUES ('VT0000491',N'BKG',N'Băng keo giấy 15','CU','TH')
INSERT INTO VAT_TU (ID_VTU,VIET_TAT, TEN_VTU, ID_DVT, ID_NHOMVTU) VALUES ('VT0000492',N'BKGD',N'Băng keo giấy Đỏ 15','CU','TH')
INSERT INTO VAT_TU (ID_VTU,VIET_TAT, TEN_VTU, ID_DVT, ID_NHOMVTU) VALUES ('VT0000493',N'PE',N'Màng pe Trắng ','CU','TH')
INSERT INTO VAT_TU (ID_VTU,VIET_TAT, TEN_VTU, ID_DVT, ID_NHOMVTU) VALUES ('VT0000494',N'PEĐ',N'Màng pe đen','CU','TH')
INSERT INTO VAT_TU (ID_VTU,VIET_TAT, TEN_VTU, ID_DVT, ID_NHOMVTU) VALUES ('VT0000495',N'KBK',N'Kéo băng keo','PCS','TH')
INSERT INTO VAT_TU (ID_VTU,VIET_TAT, TEN_VTU, ID_DVT, ID_NHOMVTU) VALUES ('VT0000496',N'DRG423',N'Dao rọc giấy Lớn 0423','PCS','TH')
INSERT INTO VAT_TU (ID_VTU,VIET_TAT, TEN_VTU, ID_DVT, ID_NHOMVTU) VALUES ('VT0000497',N'LDRG',N'Lưỡi rao rọc Giấy 10 cái','VI','TH')
INSERT INTO VAT_TU (ID_VTU,VIET_TAT, TEN_VTU, ID_DVT, ID_NHOMVTU) VALUES ('VT0000498',N'DĐ',N'Dây đai đóng Gói pp ','CU','TH')
INSERT INTO VAT_TU (ID_VTU,VIET_TAT, TEN_VTU, ID_DVT, ID_NHOMVTU) VALUES ('VT0000499',N'TC3',N'Thước cuộn 3mm','PCS','TH')
INSERT INTO VAT_TU (ID_VTU,VIET_TAT, TEN_VTU, ID_DVT, ID_NHOMVTU) VALUES ('VT0000500',N'TKDT',N'Thước kẹp Điện tử','PCS','TH')
INSERT INTO VAT_TU (ID_VTU,VIET_TAT, TEN_VTU, ID_DVT, ID_NHOMVTU) VALUES ('VT0000501',N'TKĐTL',N'Thước kẹp Điện tử lớn-50015330','PCS','TH')
INSERT INTO VAT_TU (ID_VTU,VIET_TAT, TEN_VTU, ID_DVT, ID_NHOMVTU) VALUES ('VT0000502',N'ĐV65',N'Đầu vít ngắn (ph2-65mm)','PCS','TH')
INSERT INTO VAT_TU (ID_VTU,VIET_TAT, TEN_VTU, ID_DVT, ID_NHOMVTU) VALUES ('VT0000503',N'ĐV110',N'Đầu vít Bake(ph-110mm)','PCS','TH')
INSERT INTO VAT_TU (ID_VTU,VIET_TAT, TEN_VTU, ID_DVT, ID_NHOMVTU) VALUES ('VT0000504',N'TV',N'Tô vít bake','PCS','TH')
INSERT INTO VAT_TU (ID_VTU,VIET_TAT, TEN_VTU, ID_DVT, ID_NHOMVTU) VALUES ('VT0000505',N'B450',N'Búa 450(B525)','PCS','TH')
INSERT INTO VAT_TU (ID_VTU,VIET_TAT, TEN_VTU, ID_DVT, ID_NHOMVTU) VALUES ('VT0000506',N'ĐF',N'Đinh F 30','PCS','TH')
INSERT INTO VAT_TU (ID_VTU,VIET_TAT, TEN_VTU, ID_DVT, ID_NHOMVTU) VALUES ('VT0000507',N'MNT',N'Máy nhám tròn','PCS','TH')
INSERT INTO VAT_TU (ID_VTU,VIET_TAT, TEN_VTU, ID_DVT, ID_NHOMVTU) VALUES ('VT0000508',N'MNV',N'Máy nhám Vuông','PCS','TH')
INSERT INTO VAT_TU (ID_VTU,VIET_TAT, TEN_VTU, ID_DVT, ID_NHOMVTU) VALUES ('VT0000509',N'ĐCH',N'Đế chà nhám Tròn','PCS','TH')
INSERT INTO VAT_TU (ID_VTU,VIET_TAT, TEN_VTU, ID_DVT, ID_NHOMVTU) VALUES ('VT0000510',N'KDVC',N'Kẹp định vị Chữ C','PCS','TH')
INSERT INTO VAT_TU (ID_VTU,VIET_TAT, TEN_VTU, ID_DVT, ID_NHOMVTU) VALUES ('VT0000511',N'KĐ',N'Kìm điện','PCS','TH')
INSERT INTO VAT_TU (ID_VTU,VIET_TAT, TEN_VTU, ID_DVT, ID_NHOMVTU) VALUES ('VT0000512',N'KC',N'Kìm cắt','PCS','TH')
INSERT INTO VAT_TU (ID_VTU,VIET_TAT, TEN_VTU, ID_DVT, ID_NHOMVTU) VALUES ('VT0000513',N'KNH',N'Kìm nhọn','PCS','TH')
INSERT INTO VAT_TU (ID_VTU,VIET_TAT, TEN_VTU, ID_DVT, ID_NHOMVTU) VALUES ('VT0000514',N'DHDD',N'Đồng hồ đo độ Dày 0-20 mm','PCS','TH')
INSERT INTO VAT_TU (ID_VTU,VIET_TAT, TEN_VTU, ID_DVT, ID_NHOMVTU) VALUES ('VT0000515',N'KHCT',N'Khoang hơi Cầm tay','PCS','TH')
INSERT INTO VAT_TU (ID_VTU,VIET_TAT, TEN_VTU, ID_DVT, ID_NHOMVTU) VALUES ('VT0000516',N'MKD',N'Máy khoan Điện makita','PCS','TH')
INSERT INTO VAT_TU (ID_VTU,VIET_TAT, TEN_VTU, ID_DVT, ID_NHOMVTU) VALUES ('VT0000517',N'SBĐ',N'Súng bắn đinh F','PCS','TH')
INSERT INTO VAT_TU (ID_VTU,VIET_TAT, TEN_VTU, ID_DVT, ID_NHOMVTU) VALUES ('VT0000518',N'SKĐ',N'Súng khoan Điện','PCS','TH')
INSERT INTO VAT_TU (ID_VTU,VIET_TAT, TEN_VTU, ID_DVT, ID_NHOMVTU) VALUES ('VT0000519',N'SKH',N'Súng khoan Hơi','PCS','TH')
INSERT INTO VAT_TU (ID_VTU,VIET_TAT, TEN_VTU, ID_DVT, ID_NHOMVTU) VALUES ('VT0000520',N'SHCT',N'Súng hơi cầm Tay','PCS','TH')
INSERT INTO VAT_TU (ID_VTU,VIET_TAT, TEN_VTU, ID_DVT, ID_NHOMVTU) VALUES ('VT0000521',N'SH',N'Súng xịt bụi','PCS','TH')
INSERT INTO VAT_TU (ID_VTU,VIET_TAT, TEN_VTU, ID_DVT, ID_NHOMVTU) VALUES ('VT0000522',N'EKE',N'Thước ê ke Vuông 20 cm/8 in','PCS','TH')
INSERT INTO VAT_TU (ID_VTU,VIET_TAT, TEN_VTU, ID_DVT, ID_NHOMVTU) VALUES ('VT0000523',N'ĐG180',N'Thước đo góc 180','PCS','TH')
INSERT INTO VAT_TU (ID_VTU,VIET_TAT, TEN_VTU, ID_DVT, ID_NHOMVTU) VALUES ('VT0000524',N'NM',N'Nam châm tăng Lực hút,E-03442','HO','TH')
INSERT INTO VAT_TU (ID_VTU,VIET_TAT, TEN_VTU, ID_DVT, ID_NHOMVTU) VALUES ('VT0000525',N'KP20',N'Súng khoan Pin 20wax-  DEWALT','HO','BTP')
INSERT INTO VAT_TU (ID_VTU,VIET_TAT, TEN_VTU, ID_DVT, ID_NHOMVTU) VALUES ('VT0000526',N'ĐĐ',N'Đinh đồng 6/8mm','HO','BTP')
INSERT INTO VAT_TU (ID_VTU,VIET_TAT, TEN_VTU, ID_DVT, ID_NHOMVTU) VALUES ('VT0000527',N'DD10MM',N'Đinh Đồng 10mm','HO','TH')
INSERT INTO VAT_TU (ID_VTU,VIET_TAT, TEN_VTU, ID_DVT, ID_NHOMVTU) VALUES ('VT0000528',N'DD12MM',N'Đinh Đồng 12mm','HO','TH')
INSERT INTO VAT_TU (ID_VTU,VIET_TAT, TEN_VTU, ID_DVT, ID_NHOMVTU) VALUES ('VT0000529',N'DĐ15',N'Đinh đồng 15 Mm','HO','TH')
INSERT INTO VAT_TU (ID_VTU,VIET_TAT, TEN_VTU, ID_DVT, ID_NHOMVTU) VALUES ('VT0000530',N'DĐ18',N'Đinh đồng 18mm','HO','TH')
INSERT INTO VAT_TU (ID_VTU,VIET_TAT, TEN_VTU, ID_DVT, ID_NHOMVTU) VALUES ('VT0000531',N'SBDĐ',N'Súng bắn đinh Đồng   P622c','PCS','TH')
INSERT INTO VAT_TU (ID_VTU,VIET_TAT, TEN_VTU, ID_DVT, ID_NHOMVTU) VALUES ('VT0000532',N'LG',N'Lưỡi gà p622c','PCS','BTP')
INSERT INTO VAT_TU (ID_VTU,VIET_TAT, TEN_VTU, ID_DVT, ID_NHOMVTU) VALUES ('VT0000533',N'MTBT',N'Máy tính bỏ Túi','PCS','TH')
INSERT INTO VAT_TU (ID_VTU,VIET_TAT, TEN_VTU, ID_DVT, ID_NHOMVTU) VALUES ('VT0000534',N'CHC',N'Chổi cỏ ','PCS','TH')
INSERT INTO VAT_TU (ID_VTU,VIET_TAT, TEN_VTU, ID_DVT, ID_NHOMVTU) VALUES ('VT0000535',N'HM',N'Hạt hút ẩm -25kg','KG','TH')
INSERT INTO VAT_TU (ID_VTU,VIET_TAT, TEN_VTU, ID_DVT, ID_NHOMVTU) VALUES ('VT0000536',N'DN240',N'Đầu mài nhám 2 màu 240','PCS','BTP')
INSERT INTO VAT_TU (ID_VTU,VIET_TAT, TEN_VTU, ID_DVT, ID_NHOMVTU) VALUES ('VT0000537',N'DN320',N'Đầu mài nhám 2 màu 320','PCS','BTP')
INSERT INTO VAT_TU (ID_VTU,VIET_TAT, TEN_VTU, ID_DVT, ID_NHOMVTU) VALUES ('VT0000538',N'BCO',N'Bộ cảo ống 27mm-1.5m','PCS','TH')
INSERT INTO VAT_TU (ID_VTU,VIET_TAT, TEN_VTU, ID_DVT, ID_NHOMVTU) VALUES ('VT0000539',N'PIN',N'PIN KHOAN DEWALT','PCS','TH')
INSERT INTO VAT_TU (ID_VTU,VIET_TAT, TEN_VTU, ID_DVT, ID_NHOMVTU) VALUES ('VT0000540',N'CR01',N'Dây cu roa A69','PCS','TH')
INSERT INTO VAT_TU (ID_VTU,VIET_TAT, TEN_VTU, ID_DVT, ID_NHOMVTU) VALUES ('VT0000541',N'SI01',N'Trục silicon','PCS','TH')
INSERT INTO VAT_TU (ID_VTU,VIET_TAT, TEN_VTU, ID_DVT, ID_NHOMVTU) VALUES ('VT0000542',N'TCS',N'Trục lăn cao Su','PCS','TH')
INSERT INTO VAT_TU (ID_VTU,VIET_TAT, TEN_VTU, ID_DVT, ID_NHOMVTU) VALUES ('VT0000543',N'TRAY BLS33',N'Mâm xoay BLS33(774x774x35)','PCS','TH')
INSERT INTO VAT_TU (ID_VTU,VIET_TAT, TEN_VTU, ID_DVT, ID_NHOMVTU) VALUES ('VT0000544',N'TRAY BLS36',N'Mâm xoay BLS36(855x855x35)','PCS','TH')
INSERT INTO VAT_TU (ID_VTU,VIET_TAT, TEN_VTU, ID_DVT, ID_NHOMVTU) VALUES ('VT0000545',N'B12-22',N'B12-21(17-22) GHD MỚI','TO','GHD')
INSERT INTO VAT_TU (ID_VTU,VIET_TAT, TEN_VTU, ID_DVT, ID_NHOMVTU) VALUES ('VT0000546',N'B24-22',N'B24-36 (17-22) GHD MỚI','TO','GHD')
INSERT INTO VAT_TU (ID_VTU,VIET_TAT, TEN_VTU, ID_DVT, ID_NHOMVTU) VALUES ('VT0000547',N'B39-22',N'B39 (17-22) GHD MỚI','TO','GHD')
INSERT INTO VAT_TU (ID_VTU,VIET_TAT, TEN_VTU, ID_DVT, ID_NHOMVTU) VALUES ('VT0000548',N'OC3184-22',N'OC3184-3196 (5-22) GHD MỚI','TO','GHD')
INSERT INTO VAT_TU (ID_VTU,VIET_TAT, TEN_VTU, ID_DVT, ID_NHOMVTU) VALUES ('VT0000549',N'ASB33-22',N'ASB33,36 (17-22)GHD MỚI','TO','GHD')
INSERT INTO VAT_TU (ID_VTU,VIET_TAT, TEN_VTU, ID_DVT, ID_NHOMVTU) VALUES ('VT0000550',N'SB33-22',N'SB33,36,39,42 (17-22) GHD MỚI','TO','GHD')
INSERT INTO VAT_TU (ID_VTU,VIET_TAT, TEN_VTU, ID_DVT, ID_NHOMVTU) VALUES ('VT0000551',N'DB12-22',N'DB/VDB(12-21)-3 (17-22) GHD MỚI','TO','GHD')
INSERT INTO VAT_TU (ID_VTU,VIET_TAT, TEN_VTU, ID_DVT, ID_NHOMVTU) VALUES ('VT0000552',N'VSD48-15',N'VSD48-15(17-22) GHD MỚI','TO','GHD')
INSERT INTO VAT_TU (ID_VTU,VIET_TAT, TEN_VTU, ID_DVT, ID_NHOMVTU) VALUES ('VT0000553',N'VSD54-22',N'VSD54-60 (17-22) GHD MỚI','TO','GHD')
INSERT INTO VAT_TU (ID_VTU,VIET_TAT, TEN_VTU, ID_DVT, ID_NHOMVTU) VALUES ('VT0000554',N'VCDS60-22',N'VCDS60,69,72 (17-22)GHD MỚI','TO','GHD')
INSERT INTO VAT_TU (ID_VTU,VIET_TAT, TEN_VTU, ID_DVT, ID_NHOMVTU) VALUES ('VT0000555',N'PC1884-22',N'PC1884-1896(17-22) GHD MỚI','TO','GHD')
INSERT INTO VAT_TU (ID_VTU,VIET_TAT, TEN_VTU, ID_DVT, ID_NHOMVTU) VALUES ('VT0000556',N'PC2484-22',N'PC2484-3696 (17-22) GHD MỚI','TO','GHD')
INSERT INTO VAT_TU (ID_VTU,VIET_TAT, TEN_VTU, ID_DVT, ID_NHOMVTU) VALUES ('VT0000557',N'BLS33-19',N'BLS33,36 (19,20) GHD MỚI','TO','GHD')
INSERT INTO VAT_TU (ID_VTU,VIET_TAT, TEN_VTU, ID_DVT, ID_NHOMVTU) VALUES ('VT0000558',N'UBO30-22',N'UBO30-(5-22) GHD MỚI','TO','GHD')
INSERT INTO VAT_TU (ID_VTU,VIET_TAT, TEN_VTU, ID_DVT, ID_NHOMVTU) VALUES ('VT0000559',N'BEA1224-22',N'BEA1224 (5-22) GHD MỚI','TO','GHD')
INSERT INTO VAT_TU (ID_VTU,VIET_TAT, TEN_VTU, ID_DVT, ID_NHOMVTU) VALUES ('VT0000560',N'WB15-22',N'WB15,18,21-HS (11-22) GHD MỚI','TO','GHD')
INSERT INTO VAT_TU (ID_VTU,VIET_TAT, TEN_VTU, ID_DVT, ID_NHOMVTU) VALUES ('VT0000561',N'WR3618-G',N'WR3618-G (5-22)','TO','GHD')
INSERT INTO VAT_TU (ID_VTU,VIET_TAT, TEN_VTU, ID_DVT, ID_NHOMVTU) VALUES ('VT0000562',N'WER2430-19',N'WER-2430-2442 (19,20) GHD MỚI','TO','GHD')
INSERT INTO VAT_TU (ID_VTU,VIET_TAT, TEN_VTU, ID_DVT, ID_NHOMVTU) VALUES ('VT0000563',N'BBC42-22',N'BBC42 (17-22) GHD MỚI','TO','GHD')
INSERT INTO VAT_TU (ID_VTU,VIET_TAT, TEN_VTU, ID_DVT, ID_NHOMVTU) VALUES ('VT0000564',N'VS24-22',N'VS (24-42)17-22 GHD MỚI','TO','GHD')
INSERT INTO VAT_TU (ID_VTU,VIET_TAT, TEN_VTU, ID_DVT, ID_NHOMVTU) VALUES ('VT0000565',N'DB30-22',N'DB(30-36)-2,(17-22) GHD MỚI','TO','GHD')
INSERT INTO VAT_TU (ID_VTU,VIET_TAT, TEN_VTU, ID_DVT, ID_NHOMVTU) VALUES ('VT0000566',N'DB24-22',N'DB(24-36)-3,(17-22) GHD MỚI','TO','GHD')
INSERT INTO VAT_TU (ID_VTU,VIET_TAT, TEN_VTU, ID_DVT, ID_NHOMVTU) VALUES ('VT0000567',N'WR3015-N',N'WR3015-N(5-22) GHD MỚI','TO','GHD')
INSERT INTO VAT_TU (ID_VTU,VIET_TAT, TEN_VTU, ID_DVT, ID_NHOMVTU) VALUES ('VT0000568',N'FDB18-22',N'FDB 18,21-2 (11-22)','TO','GHD')
INSERT INTO VAT_TU (ID_VTU,VIET_TAT, TEN_VTU, ID_DVT, ID_NHOMVTU) VALUES ('VT0000569',N'MDB24',N'MDB24 (5-22)','TO','GHD')
INSERT INTO VAT_TU (ID_VTU,VIET_TAT, TEN_VTU, ID_DVT, ID_NHOMVTU) VALUES ('VT0000570',N'DCB42-22',N'DCB42 (5-22)','TO','GHD')
INSERT INTO VAT_TU (ID_VTU,VIET_TAT, TEN_VTU, ID_DVT, ID_NHOMVTU) VALUES ('VT0000571',N'TRL1',N'Thanh ray sắt FDB (33x8x20x2x533)','PCS','NVL')
INSERT INTO VAT_TU (ID_VTU,VIET_TAT, TEN_VTU, ID_DVT, ID_NHOMVTU) VALUES ('VT0000572',N'TB01',N'DAO TUBI 125x21x40.2x6t','PCS','TH')
INSERT INTO VAT_TU (ID_VTU,VIET_TAT, TEN_VTU, ID_DVT, ID_NHOMVTU) VALUES ('VT0000573',N'TB02',N'DAO TUBI 123x29x40.2x6t','PCS','NVL')
INSERT INTO VAT_TU (ID_VTU,VIET_TAT, TEN_VTU, ID_DVT, ID_NHOMVTU) VALUES ('VT0000574',N'TB03',N'DAO TUBI 125x25x40.2x6t L','PCS','NVL')
INSERT INTO VAT_TU (ID_VTU,VIET_TAT, TEN_VTU, ID_DVT, ID_NHOMVTU) VALUES ('VT0000575',N'TB04',N'DAO TUBI 125x25x40.2x6t R','PCS','TH')
INSERT INTO VAT_TU (ID_VTU,VIET_TAT, TEN_VTU, ID_DVT, ID_NHOMVTU) VALUES ('VT0000576',N'MK12X62',N'Mũi khoan tct (12x3x70) dùng sữa hàng','PCS','NVL')
INSERT INTO VAT_TU (ID_VTU,VIET_TAT, TEN_VTU, ID_DVT, ID_NHOMVTU) VALUES ('VT0000577',N'VNC0053',N'Sơn mặt NC Bóng-vnc0053','KG','NVL')
INSERT INTO VAT_TU (ID_VTU,VIET_TAT, TEN_VTU, ID_DVT, ID_NHOMVTU) VALUES ('VT0000578',N'VNW179',N'Sơn lót P061wn0036(mã cũ NC p61wn0036-220','KG','NVL')
INSERT INTO VAT_TU (ID_VTU,VIET_TAT, TEN_VTU, ID_DVT, ID_NHOMVTU) VALUES ('VT0000579',N'NTG150',N'Nhám thùng Giấy 1346x2616x150','TO','TH')
INSERT INTO VAT_TU (ID_VTU,VIET_TAT, TEN_VTU, ID_DVT, ID_NHOMVTU) VALUES ('VT0000580',N'NTG180',N'Nhám thùng Giấy 1346x2616x180','TO','TH')
INSERT INTO VAT_TU (ID_VTU,VIET_TAT, TEN_VTU, ID_DVT, ID_NHOMVTU) VALUES ('VT0000581',N'UV403-2',N'Sơn phủ uv độ Bóng 20','KG','NVL')
INSERT INTO VAT_TU (ID_VTU,VIET_TAT, TEN_VTU, ID_DVT, ID_NHOMVTU) VALUES ('VT0000582',N'UV403-9',N'Sơn phủ uv độ Bóng 90','KG','TH')
INSERT INTO VAT_TU (ID_VTU,VIET_TAT, TEN_VTU, ID_DVT, ID_NHOMVTU) VALUES ('VT0000583',N'WVN-021',N'GLAZE bột Nhão trắng -30kg','KG','TH')
INSERT INTO VAT_TU (ID_VTU,VIET_TAT, TEN_VTU, ID_DVT, ID_NHOMVTU) VALUES ('VT0000584',N'BVN-024',N'GLAZE bột Nhão đen -18kg','KG','TH')
INSERT INTO VAT_TU (ID_VTU,VIET_TAT, TEN_VTU, ID_DVT, ID_NHOMVTU) VALUES ('VT0000585',N'XVN-234',N'VARSOL 18','KG','TH')
INSERT INTO VAT_TU (ID_VTU,VIET_TAT, TEN_VTU, ID_DVT, ID_NHOMVTU) VALUES ('VT0000586',N'WVN-053',N'WHITE REL STAIN -16kg','KG','TH')
INSERT INTO VAT_TU (ID_VTU,VIET_TAT, TEN_VTU, ID_DVT, ID_NHOMVTU) VALUES ('VT0000587',N'DVN-5704',N'GLAZE bột Nhão nâu -20kg','KG','TH')
INSERT INTO VAT_TU (ID_VTU,VIET_TAT, TEN_VTU, ID_DVT, ID_NHOMVTU) VALUES ('VT0000588',N'CVN-404',N'AC sơn lót Trong suốt cao-18kg','KG','TH')
INSERT INTO VAT_TU (ID_VTU,VIET_TAT, TEN_VTU, ID_DVT, ID_NHOMVTU) VALUES ('VT0000589',N'CVN-388',N'Dung dịch pha GLAZE AC','KG','TH')
INSERT INTO VAT_TU (ID_VTU,VIET_TAT, TEN_VTU, ID_DVT, ID_NHOMVTU) VALUES ('VT0000590',N'YVN-5183',N'Tinh màu vàng -50844','PCS','TH')
INSERT INTO VAT_TU (ID_VTU,VIET_TAT, TEN_VTU, ID_DVT, ID_NHOMVTU) VALUES ('VT0000591',N'W',N'Kim béc phun Sơn','PCS','TH')
INSERT INTO VAT_TU (ID_VTU,VIET_TAT, TEN_VTU, ID_DVT, ID_NHOMVTU) VALUES ('VT0000592',N'AJ25M75',N'Nhám vải P400x75x2050','TO','TH')
INSERT INTO VAT_TU (ID_VTU,VIET_TAT, TEN_VTU, ID_DVT, ID_NHOMVTU) VALUES ('VT0000593',N'AJ25M100',N'Nhám vải P400x100x870','TO','TH')
INSERT INTO VAT_TU (ID_VTU,VIET_TAT, TEN_VTU, ID_DVT, ID_NHOMVTU) VALUES ('VT0000594',N'LC-NX',N'Lưỡi cưa đĩa 180x5.2x45x36','PCS','TH')
INSERT INTO VAT_TU (ID_VTU,VIET_TAT, TEN_VTU, ID_DVT, ID_NHOMVTU) VALUES ('VT0000595',N'LCTR2',N'Lưỡi cưa tạo rãnh 180x2.0x30x36T','PCS','TH')
INSERT INTO VAT_TU (ID_VTU,VIET_TAT, TEN_VTU, ID_DVT, ID_NHOMVTU) VALUES ('VT0000596',N'LC400',N'Lưỡi cưa 400x4.4x100x75t','PCS','TH')
INSERT INTO VAT_TU (ID_VTU,VIET_TAT, TEN_VTU, ID_DVT, ID_NHOMVTU) VALUES ('VT0000597',N'R1',N'DAO TUBI D106x20x40x6t (TW)','PCS','TH')
INSERT INTO VAT_TU (ID_VTU,VIET_TAT, TEN_VTU, ID_DVT, ID_NHOMVTU) VALUES ('VT0000598',N'B24-11',N'B(24-36s) ,11-16','TO','GHD')
INSERT INTO VAT_TU (ID_VTU,VIET_TAT, TEN_VTU, ID_DVT, ID_NHOMVTU) VALUES ('VT0000599',N'DB30-11',N'DB(24-36)-2,11-16','TO','GHD')
INSERT INTO VAT_TU (ID_VTU,VIET_TAT, TEN_VTU, ID_DVT, ID_NHOMVTU) VALUES ('VT0000600',N'DB12-2-11',N'DB(12-21)-2,11-16','TO','GHD')
INSERT INTO VAT_TU (ID_VTU,VIET_TAT, TEN_VTU, ID_DVT, ID_NHOMVTU) VALUES ('VT0000601',N'DB12-3-11',N'DB(12-21)-3,11-16','TO','GHD')
INSERT INTO VAT_TU (ID_VTU,VIET_TAT, TEN_VTU, ID_DVT, ID_NHOMVTU) VALUES ('VT0000602',N'DB24-11',N'DB(24,27,30,36)-3-11','TO','GHD')
INSERT INTO VAT_TU (ID_VTU,VIET_TAT, TEN_VTU, ID_DVT, ID_NHOMVTU) VALUES ('VT0000603',N'VDB12-11',N'VDB(12-21)-3,11-16','TO','GHD')
INSERT INTO VAT_TU (ID_VTU,VIET_TAT, TEN_VTU, ID_DVT, ID_NHOMVTU) VALUES ('VT0000604',N'PC1884-11',N'PC1884-1896 (11-16)','TO','GHD')
INSERT INTO VAT_TU (ID_VTU,VIET_TAT, TEN_VTU, ID_DVT, ID_NHOMVTU) VALUES ('VT0000605',N'PC2484-11',N'PC2484-3696 (11-16)','TO','GHD')
INSERT INTO VAT_TU (ID_VTU,VIET_TAT, TEN_VTU, ID_DVT, ID_NHOMVTU) VALUES ('VT0000606',N'VSD48-11',N'VSD48-15 (11-16)','TO','GHD')
INSERT INTO VAT_TU (ID_VTU,VIET_TAT, TEN_VTU, ID_DVT, ID_NHOMVTU) VALUES ('VT0000607',N'VSD54-11',N'VSD54,57,60 (11-16)','TO','GHD')
INSERT INTO VAT_TU (ID_VTU,VIET_TAT, TEN_VTU, ID_DVT, ID_NHOMVTU) VALUES ('VT0000608',N'VCDS60-11',N'VCDS60,69,72 (11-16)','TO','GHD')
INSERT INTO VAT_TU (ID_VTU,VIET_TAT, TEN_VTU, ID_DVT, ID_NHOMVTU) VALUES ('VT0000609',N'LCTR-9',N'Lưỡi cưa tạo rãnh 220x9x25.4xZ40t','PCS','TH')
INSERT INTO VAT_TU (ID_VTU,VIET_TAT, TEN_VTU, ID_DVT, ID_NHOMVTU) VALUES ('VT0000610',N'AX150',N'Vải nhám AX67-150','TO','TH')
INSERT INTO VAT_TU (ID_VTU,VIET_TAT, TEN_VTU, ID_DVT, ID_NHOMVTU) VALUES ('VT0000611',N'AX180',N'Vải nhám AX67-180','TO','TH')
INSERT INTO VAT_TU (ID_VTU,VIET_TAT, TEN_VTU, ID_DVT, ID_NHOMVTU) VALUES ('VT0000612',N'LC220',N'Lưỡi cưa 220x9x25.4xz40','PCS','TH')
INSERT INTO VAT_TU (ID_VTU,VIET_TAT, TEN_VTU, ID_DVT, ID_NHOMVTU) VALUES ('VT0000613',N'BMS',N'BƠM MÀNG SƠN','PCS','TH')
INSERT INTO VAT_TU (ID_VTU,VIET_TAT, TEN_VTU, ID_DVT, ID_NHOMVTU) VALUES ('VT0000614',N'KEO',N'Keo dán Loctite 401 (50g) (keo sữa hàng)','LO','TH')
INSERT INTO VAT_TU (ID_VTU,VIET_TAT, TEN_VTU, ID_DVT, ID_NHOMVTU) VALUES ('VT0000615',N'LCTR4.0',N'Lưỡi cưa tạo rãnh 220x4.0x40','PCS','TH')
INSERT INTO VAT_TU (ID_VTU,VIET_TAT, TEN_VTU, ID_DVT, ID_NHOMVTU) VALUES ('VT0000616',N'TB108',N'Dao tu bi 108x40x6t','PCS','TH')
INSERT INTO VAT_TU (ID_VTU,VIET_TAT, TEN_VTU, ID_DVT, ID_NHOMVTU) VALUES ('VT0000617',N'R10',N'Dao số1 ván Giữa 140x12x40x6t','PCS','TH')
INSERT INTO VAT_TU (ID_VTU,VIET_TAT, TEN_VTU, ID_DVT, ID_NHOMVTU) VALUES ('VT0000618',N'MA21',N'Dao đánh mộng Âm L(130x24x40x6t)-21','PCS','TH')
INSERT INTO VAT_TU (ID_VTU,VIET_TAT, TEN_VTU, ID_DVT, ID_NHOMVTU) VALUES ('VT0000619',N'MA23',N'Dao đánh mộng Âm L(130x24x40x6t)-23','PCS','TH')
INSERT INTO VAT_TU (ID_VTU,VIET_TAT, TEN_VTU, ID_DVT, ID_NHOMVTU) VALUES ('VT0000620',N'MD21',N'Dao đánh mộng Dương R+L(130x24x40x6t)-21','PCS','TH')
INSERT INTO VAT_TU (ID_VTU,VIET_TAT, TEN_VTU, ID_DVT, ID_NHOMVTU) VALUES ('VT0000621',N'MD23',N'Dao đánh mộng Âm R+L(130x24x40x6t)-23','PCS','TH')
INSERT INTO VAT_TU (ID_VTU,VIET_TAT, TEN_VTU, ID_DVT, ID_NHOMVTU) VALUES ('VT0000622',N'TB129',N'Dao tubi 129x40x6t','PCS','TH')
INSERT INTO VAT_TU (ID_VTU,VIET_TAT, TEN_VTU, ID_DVT, ID_NHOMVTU) VALUES ('VT0000623',N'TB140',N'Dao tubi 140x40x6t','PCS','TH')
INSERT INTO VAT_TU (ID_VTU,VIET_TAT, TEN_VTU, ID_DVT, ID_NHOMVTU) VALUES ('VT0000624',N'A36-75',N'Vải nhám 75x2050x p240','TO','TH')
INSERT INTO VAT_TU (ID_VTU,VIET_TAT, TEN_VTU, ID_DVT, ID_NHOMVTU) VALUES ('VT0000625',N'A25-75',N'Vải nhám 75x2050x p400','TO','TH')
INSERT INTO VAT_TU (ID_VTU,VIET_TAT, TEN_VTU, ID_DVT, ID_NHOMVTU) VALUES ('VT0000626',N'A25-100',N'Vải nhám 75x870x p400','TO','TH')
INSERT INTO VAT_TU (ID_VTU,VIET_TAT, TEN_VTU, ID_DVT, ID_NHOMVTU) VALUES ('VT0000627',N'CLG',N'Chổi lông gà','CA','TH')
  INSERT INTO PHIEU_NHAP (ID_PN,NGAY_NHAP, NGAY_CHUNG_TU,ID_NCC,ID_NV) VALUES ( 'PN001-1/2024','2024-01-02','2024-01-02','NCC000001 ','NV0000031')
INSERT INTO PHIEU_NHAP (ID_PN,NGAY_NHAP, NGAY_CHUNG_TU,ID_NCC,ID_NV) VALUES ( 'PN001-2/2024','2024-02-01','2024-02-01','NCC000011','NV0000031')
INSERT INTO PHIEU_NHAP (ID_PN,NGAY_NHAP, NGAY_CHUNG_TU,ID_NCC,ID_NV) VALUES ( 'PN001-3/2024','2024-03-05','2024-03-05','NCC000006','NV0000031')
INSERT INTO PHIEU_NHAP (ID_PN,NGAY_NHAP, NGAY_CHUNG_TU,ID_NCC,ID_NV) VALUES ( 'PN002-1/2024','2024-01-02','2024-01-02','NCC000002','NV0000031')
INSERT INTO PHIEU_NHAP (ID_PN,NGAY_NHAP, NGAY_CHUNG_TU,ID_NCC,ID_NV) VALUES ( 'PN002-2/2024','2024-02-29','2024-02-29','NCC000013','NV0000031')
INSERT INTO PHIEU_NHAP (ID_PN,NGAY_NHAP, NGAY_CHUNG_TU,ID_NCC,ID_NV) VALUES ( 'PN002-3/2024','2024-03-06','2024-03-06','NCC000019','NV0000031')
INSERT INTO PHIEU_NHAP (ID_PN,NGAY_NHAP, NGAY_CHUNG_TU,ID_NCC,ID_NV) VALUES ( 'PN003-1/2024','2024-01-02','2024-01-02','NCC000003','NV0000031')
INSERT INTO PHIEU_NHAP (ID_PN,NGAY_NHAP, NGAY_CHUNG_TU,ID_NCC,ID_NV) VALUES ( 'PN003-3/2024','2024-03-06','2024-03-06','NCC000006','NV0000031')
INSERT INTO PHIEU_NHAP (ID_PN,NGAY_NHAP, NGAY_CHUNG_TU,ID_NCC,ID_NV) VALUES ( 'PN004-1/2024','2024-01-03','2024-01-03','NCC000004','NV0000031')
INSERT INTO PHIEU_NHAP (ID_PN,NGAY_NHAP, NGAY_CHUNG_TU,ID_NCC,ID_NV) VALUES ( 'PN004-3/2024','2024-03-11','2024-03-11','NCC000007','NV0000031')
INSERT INTO PHIEU_NHAP (ID_PN,NGAY_NHAP, NGAY_CHUNG_TU,ID_NCC,ID_NV) VALUES ( 'PN005-1/2024','2024-01-03','2024-01-03','NCC000005','NV0000031')
INSERT INTO PHIEU_NHAP (ID_PN,NGAY_NHAP, NGAY_CHUNG_TU,ID_NCC,ID_NV) VALUES ( 'PN005-3/2024','2024-03-11','2024-03-11','NCC000008','NV0000031')
INSERT INTO PHIEU_NHAP (ID_PN,NGAY_NHAP, NGAY_CHUNG_TU,ID_NCC,ID_NV) VALUES ( 'PN006-3/2024','2024-03-11','2024-03-11','NCC000020','NV0000031')
INSERT INTO PHIEU_NHAP (ID_PN,NGAY_NHAP, NGAY_CHUNG_TU,ID_NCC,ID_NV) VALUES ( 'PN007-3/2024','2024-03-11','2024-03-11','NCC000009','NV0000031')
INSERT INTO PHIEU_NHAP (ID_PN,NGAY_NHAP, NGAY_CHUNG_TU,ID_NCC,ID_NV) VALUES ( 'PN006-1/2024','2024-01-04','2024-01-04','NCC000006','NV0000031')
INSERT INTO PHIEU_NHAP (ID_PN,NGAY_NHAP, NGAY_CHUNG_TU,ID_NCC,ID_NV) VALUES ( 'PN007-1/2024','2024-01-05','2024-01-05','NCC000007','NV0000031')
INSERT INTO PHIEU_NHAP (ID_PN,NGAY_NHAP, NGAY_CHUNG_TU,ID_NCC,ID_NV) VALUES ( 'PN008-1/2024','2024-01-05','2024-01-05','NCC000008','NV0000031')
INSERT INTO PHIEU_NHAP (ID_PN,NGAY_NHAP, NGAY_CHUNG_TU,ID_NCC,ID_NV) VALUES ( 'PN009-1/2024','2024-01-06','2024-01-06','NCC000009','NV0000031')
INSERT INTO PHIEU_NHAP (ID_PN,NGAY_NHAP, NGAY_CHUNG_TU,ID_NCC,ID_NV) VALUES ( 'PN003-2/2024','2024-02-29','2024-02-29','NCC000006','NV0000031')
INSERT INTO PHIEU_NHAP (ID_PN,NGAY_NHAP, NGAY_CHUNG_TU,ID_NCC,ID_NV) VALUES ( 'PN008-3/2024','2024-03-11','2024-03-11','NCC000006','NV0000031')
INSERT INTO PHIEU_NHAP (ID_PN,NGAY_NHAP, NGAY_CHUNG_TU,ID_NCC,ID_NV) VALUES ( 'PN009-3/2024','2024-03-11','2024-03-11','NCC000003','NV0000031')
INSERT INTO PHIEU_NHAP (ID_PN,NGAY_NHAP, NGAY_CHUNG_TU,ID_NCC,ID_NV) VALUES ( 'PN010-1/2024','2024-01-06','2024-01-06','NCC000006','NV0000031')
INSERT INTO PHIEU_NHAP (ID_PN,NGAY_NHAP, NGAY_CHUNG_TU,ID_NCC,ID_NV) VALUES ( 'PN011-1/2024','2024-01-08','2024-01-08','NCC000010','NV0000031')
INSERT INTO PHIEU_NHAP (ID_PN,NGAY_NHAP, NGAY_CHUNG_TU,ID_NCC,ID_NV) VALUES ( 'PN012-1/2024','2024-01-08','2024-01-08','NCC000007','NV0000031')
INSERT INTO PHIEU_NHAP (ID_PN,NGAY_NHAP, NGAY_CHUNG_TU,ID_NCC,ID_NV) VALUES ( 'PN013-1/2024','2024-01-08','2024-01-08','NCC000008','NV0000031')
INSERT INTO PHIEU_NHAP (ID_PN,NGAY_NHAP, NGAY_CHUNG_TU,ID_NCC,ID_NV) VALUES ( 'PN014-1/2024','2024-01-08','2024-01-08','NCC000011','NV0000031')
INSERT INTO PHIEU_NHAP (ID_PN,NGAY_NHAP, NGAY_CHUNG_TU,ID_NCC,ID_NV) VALUES ( 'PN015-1/2024','2024-01-09','2024-01-09','NCC000012','NV0000031')
INSERT INTO PHIEU_NHAP (ID_PN,NGAY_NHAP, NGAY_CHUNG_TU,ID_NCC,ID_NV) VALUES ( 'PN016-1/2024','2024-01-09','2024-01-09','NCC000001 ','NV0000031')
INSERT INTO PHIEU_NHAP (ID_PN,NGAY_NHAP, NGAY_CHUNG_TU,ID_NCC,ID_NV) VALUES ( 'PN017-1/2024','2024-01-12','2024-01-12','NCC000013','NV0000031')
INSERT INTO PHIEU_NHAP (ID_PN,NGAY_NHAP, NGAY_CHUNG_TU,ID_NCC,ID_NV) VALUES ( 'PN018-1/2024','2024-01-12','2024-01-12','NCC000012','NV0000031')
INSERT INTO PHIEU_NHAP (ID_PN,NGAY_NHAP, NGAY_CHUNG_TU,ID_NCC,ID_NV) VALUES ( 'PN019-1/2024','2024-01-13','2024-01-13','NCC000008','NV0000031')
INSERT INTO PHIEU_NHAP (ID_PN,NGAY_NHAP, NGAY_CHUNG_TU,ID_NCC,ID_NV) VALUES ( 'PN020-1/2024','2024-01-13','2024-01-13','NCC000003','NV0000031')
INSERT INTO PHIEU_NHAP (ID_PN,NGAY_NHAP, NGAY_CHUNG_TU,ID_NCC,ID_NV) VALUES ( 'PN021-1/2024','2024-01-15','2024-01-15','NCC000014','NV0000031')
INSERT INTO PHIEU_NHAP (ID_PN,NGAY_NHAP, NGAY_CHUNG_TU,ID_NCC,ID_NV) VALUES ( 'PN022-1/2024','2024-01-15','2024-01-15','NCC000006','NV0000031')
INSERT INTO PHIEU_NHAP (ID_PN,NGAY_NHAP, NGAY_CHUNG_TU,ID_NCC,ID_NV) VALUES ( 'PN023-1/2024','2024-01-16','2024-01-16','NCC000011','NV0000031')
INSERT INTO PHIEU_NHAP (ID_PN,NGAY_NHAP, NGAY_CHUNG_TU,ID_NCC,ID_NV) VALUES ( 'PN024-1/2024','2024-01-16','2024-01-16','NCC000026','NV0000031')
INSERT INTO PHIEU_NHAP (ID_PN,NGAY_NHAP, NGAY_CHUNG_TU,ID_NCC,ID_NV) VALUES ( 'PN025-1/2024','2024-01-17','2024-01-17','NCC000006','NV0000031')
INSERT INTO PHIEU_NHAP (ID_PN,NGAY_NHAP, NGAY_CHUNG_TU,ID_NCC,ID_NV) VALUES ( 'PN026-1/2024','2024-01-19','2024-01-19','NCC000011','NV0000031')
INSERT INTO PHIEU_NHAP (ID_PN,NGAY_NHAP, NGAY_CHUNG_TU,ID_NCC,ID_NV) VALUES ( 'PN027-1/2024','2024-01-20','2024-01-20','NCC000006','NV0000031')
INSERT INTO PHIEU_NHAP (ID_PN,NGAY_NHAP, NGAY_CHUNG_TU,ID_NCC,ID_NV) VALUES ( 'PN028-1/2024','2024-01-23','2024-01-23','NCC000001 ','NV0000031')
INSERT INTO PHIEU_NHAP (ID_PN,NGAY_NHAP, NGAY_CHUNG_TU,ID_NCC,ID_NV) VALUES ( 'PN029-1/2024','2024-01-24','2024-01-24','NCC000006','NV0000031')
INSERT INTO PHIEU_NHAP (ID_PN,NGAY_NHAP, NGAY_CHUNG_TU,ID_NCC,ID_NV) VALUES ( 'PN030-1/2024','2024-01-24','2024-01-24','NCC000007','NV0000031')
INSERT INTO PHIEU_NHAP (ID_PN,NGAY_NHAP, NGAY_CHUNG_TU,ID_NCC,ID_NV) VALUES ( 'PN031-1/2024','2024-01-24','2024-01-24','NCC000012','NV0000031')
INSERT INTO PHIEU_NHAP (ID_PN,NGAY_NHAP, NGAY_CHUNG_TU,ID_NCC,ID_NV) VALUES ( 'PN032-1/2024','2024-01-24','2024-01-24','NCC000009','NV0000031')
INSERT INTO PHIEU_NHAP (ID_PN,NGAY_NHAP, NGAY_CHUNG_TU,ID_NCC,ID_NV) VALUES ( 'PN033-1/2024','2024-01-25','2024-01-25','NCC000011','NV0000031')
INSERT INTO PHIEU_NHAP (ID_PN,NGAY_NHAP, NGAY_CHUNG_TU,ID_NCC,ID_NV) VALUES ( 'PN034-1/2024','2024-01-25','2024-01-25','NCC000004','NV0000031')
INSERT INTO PHIEU_NHAP (ID_PN,NGAY_NHAP, NGAY_CHUNG_TU,ID_NCC,ID_NV) VALUES ( 'PN035-1/2024','2024-01-25','2024-01-25','NCC000012','NV0000031')
INSERT INTO PHIEU_NHAP (ID_PN,NGAY_NHAP, NGAY_CHUNG_TU,ID_NCC,ID_NV) VALUES ( 'PN036-1/2024','2024-01-25','2024-01-25','NCC000001 ','NV0000031')
INSERT INTO PHIEU_NHAP (ID_PN,NGAY_NHAP, NGAY_CHUNG_TU,ID_NCC,ID_NV) VALUES ( 'PN037-1/2024','2024-01-25','2024-01-25','NCC000008','NV0000031')
INSERT INTO PHIEU_NHAP (ID_PN,NGAY_NHAP, NGAY_CHUNG_TU,ID_NCC,ID_NV) VALUES ( 'PN038-1/2024','2024-01-26','2024-01-26','NCC000012','NV0000031')
INSERT INTO PHIEU_NHAP (ID_PN,NGAY_NHAP, NGAY_CHUNG_TU,ID_NCC,ID_NV) VALUES ( 'PN039-1/2024','2024-01-26','2024-01-26','NCC000006','NV0000031')
INSERT INTO PHIEU_NHAP (ID_PN,NGAY_NHAP, NGAY_CHUNG_TU,ID_NCC,ID_NV) VALUES ( 'PN040-1/2024','2024-01-26','2024-01-26','NCC000016','NV0000031')
INSERT INTO PHIEU_NHAP (ID_PN,NGAY_NHAP, NGAY_CHUNG_TU,ID_NCC,ID_NV) VALUES ( 'PN041-1/2024','2024-01-27','2024-01-27','NCC000007','NV0000031')
INSERT INTO PHIEU_NHAP (ID_PN,NGAY_NHAP, NGAY_CHUNG_TU,ID_NCC,ID_NV) VALUES ( 'PN042-1/2024','2024-01-29','2024-01-29','NCC000008','NV0000031')
INSERT INTO PHIEU_NHAP (ID_PN,NGAY_NHAP, NGAY_CHUNG_TU,ID_NCC,ID_NV) VALUES ( 'PN043-1/2024','2024-01-29','2024-01-29','NCC000017','NV0000031')
INSERT INTO PHIEU_NHAP (ID_PN,NGAY_NHAP, NGAY_CHUNG_TU,ID_NCC,ID_NV) VALUES ( 'PN044-1/2024','2024-01-29','2024-01-29','NCC000006','NV0000031')
INSERT INTO PHIEU_NHAP (ID_PN,NGAY_NHAP, NGAY_CHUNG_TU,ID_NCC,ID_NV) VALUES ( 'PN045-1/2024','2024-01-30','2024-01-30','NCC000014','NV0000031')
INSERT INTO PHIEU_NHAP (ID_PN,NGAY_NHAP, NGAY_CHUNG_TU,ID_NCC,ID_NV) VALUES ( 'PN046-1/2024','2024-01-31','2024-01-31','NCC000018','NV0000031')
INSERT INTO PHIEU_NHAP (ID_PN,NGAY_NHAP, NGAY_CHUNG_TU,ID_NCC,ID_NV) VALUES ( 'PN047-1/2024','2024-01-31','2024-01-31','NCC000005','NV0000031')
INSERT INTO PHIEU_NHAP (ID_PN,NGAY_NHAP, NGAY_CHUNG_TU,ID_NCC,ID_NV) VALUES ( 'PN010-3/2024','2024-03-11','2024-03-11','NCC000006','NV0000031')
INSERT INTO PHIEU_NHAP (ID_PN,NGAY_NHAP, NGAY_CHUNG_TU,ID_NCC,ID_NV) VALUES ( 'PN011-3/2024','2024-03-12','2024-03-12','NCC000011','NV0000031')
INSERT INTO PHIEU_NHAP (ID_PN,NGAY_NHAP, NGAY_CHUNG_TU,ID_NCC,ID_NV) VALUES ( 'PN012-3/2024','2024-03-13','2024-03-13','NCC000017','NV0000031')
INSERT INTO PHIEU_NHAP (ID_PN,NGAY_NHAP, NGAY_CHUNG_TU,ID_NCC,ID_NV) VALUES ( 'PN013-3/2024','2024-03-14','2024-03-14','NCC000012','NV0000031')
INSERT INTO PHIEU_NHAP (ID_PN,NGAY_NHAP, NGAY_CHUNG_TU,ID_NCC,ID_NV) VALUES ( 'PN014-3/2024','2024-03-14','2024-03-14','NCC000021','NV0000031')
INSERT INTO PHIEU_NHAP (ID_PN,NGAY_NHAP, NGAY_CHUNG_TU,ID_NCC,ID_NV) VALUES ( 'PN015-3/2024','2024-03-14','2024-03-14','NCC000007','NV0000031')
INSERT INTO PHIEU_NHAP (ID_PN,NGAY_NHAP, NGAY_CHUNG_TU,ID_NCC,ID_NV) VALUES ( 'PN016-3/2024','2024-03-14','2024-03-14','NCC000006','NV0000031')
INSERT INTO PHIEU_NHAP (ID_PN,NGAY_NHAP, NGAY_CHUNG_TU,ID_NCC,ID_NV) VALUES ( 'PN017-3/2024','2024-03-15','2024-03-15','NCC000012','NV0000031')
INSERT INTO PHIEU_NHAP (ID_PN,NGAY_NHAP, NGAY_CHUNG_TU,ID_NCC,ID_NV) VALUES ( 'PN018-3/2024','2024-03-15','2024-03-15','NCC000006','NV0000031')
INSERT INTO PHIEU_NHAP (ID_PN,NGAY_NHAP, NGAY_CHUNG_TU,ID_NCC,ID_NV) VALUES ( 'PN019-3/2024','2024-03-16','2024-03-16','NCC000008','NV0000031')
INSERT INTO PHIEU_NHAP (ID_PN,NGAY_NHAP, NGAY_CHUNG_TU,ID_NCC,ID_NV) VALUES ( 'PN020-3/2024','2024-03-18','2024-03-18','NCC000001 ','NV0000031')
INSERT INTO PHIEU_NHAP (ID_PN,NGAY_NHAP, NGAY_CHUNG_TU,ID_NCC,ID_NV) VALUES ( 'PN021-3/2024','2024-03-18','2024-03-18','NCC000022','NV0000031')
INSERT INTO PHIEU_NHAP (ID_PN,NGAY_NHAP, NGAY_CHUNG_TU,ID_NCC,ID_NV) VALUES ( 'PN022-3/2024','2024-03-18','2024-03-18','NCC000023','NV0000031')
INSERT INTO PHIEU_NHAP (ID_PN,NGAY_NHAP, NGAY_CHUNG_TU,ID_NCC,ID_NV) VALUES ( 'PN023-3/2024','2024-03-18','2024-03-18','NCC000008','NV0000031')
INSERT INTO PHIEU_NHAP (ID_PN,NGAY_NHAP, NGAY_CHUNG_TU,ID_NCC,ID_NV) VALUES ( 'PN024-3/2024','2024-03-18','2024-03-18','NCC000011','NV0000031')
INSERT INTO PHIEU_NHAP (ID_PN,NGAY_NHAP, NGAY_CHUNG_TU,ID_NCC,ID_NV) VALUES ( 'PN025-3/2024','2024-03-18','2024-03-18','NCC000006','NV0000031')
INSERT INTO PHIEU_NHAP (ID_PN,NGAY_NHAP, NGAY_CHUNG_TU,ID_NCC,ID_NV) VALUES ( 'PN026-3/2024','2024-03-19','2024-03-19','NCC000004','NV0000031')
INSERT INTO PHIEU_NHAP (ID_PN,NGAY_NHAP, NGAY_CHUNG_TU,ID_NCC,ID_NV) VALUES ( 'PN027-3/2024','2024-03-19','2024-03-19','NCC000007','NV0000031')
INSERT INTO PHIEU_NHAP (ID_PN,NGAY_NHAP, NGAY_CHUNG_TU,ID_NCC,ID_NV) VALUES ( 'PN028-3/2024','2024-03-20','2024-03-20','NCC000012','NV0000031')
INSERT INTO PHIEU_NHAP (ID_PN,NGAY_NHAP, NGAY_CHUNG_TU,ID_NCC,ID_NV) VALUES ( 'PN029-3/2024','2024-03-20','2024-03-20','NCC000007','NV0000031')
INSERT INTO PHIEU_NHAP (ID_PN,NGAY_NHAP, NGAY_CHUNG_TU,ID_NCC,ID_NV) VALUES ( 'PN030-3/2024','2024-03-20','2024-03-20','NCC000003','NV0000031')
INSERT INTO PHIEU_NHAP (ID_PN,NGAY_NHAP, NGAY_CHUNG_TU,ID_NCC,ID_NV) VALUES ( 'PN031-3/2024','2024-03-22','2024-03-22','NCC000004','NV0000031')
INSERT INTO PHIEU_NHAP (ID_PN,NGAY_NHAP, NGAY_CHUNG_TU,ID_NCC,ID_NV) VALUES ( 'PN032-3/2024','2024-03-22','2024-03-22','NCC000008','NV0000031')
INSERT INTO PHIEU_NHAP (ID_PN,NGAY_NHAP, NGAY_CHUNG_TU,ID_NCC,ID_NV) VALUES ( 'PN033-3/2024','2024-03-25','2024-03-25','NCC000011','NV0000031')
INSERT INTO PHIEU_NHAP (ID_PN,NGAY_NHAP, NGAY_CHUNG_TU,ID_NCC,ID_NV) VALUES ( 'PN034-3/2024','2024-03-26','2024-03-26','NCC000001 ','NV0000031')
INSERT INTO PHIEU_NHAP (ID_PN,NGAY_NHAP, NGAY_CHUNG_TU,ID_NCC,ID_NV) VALUES ( 'PN035-3/2024','2024-03-27','2024-03-27','NCC000006','NV0000031')
INSERT INTO PHIEU_NHAP (ID_PN,NGAY_NHAP, NGAY_CHUNG_TU,ID_NCC,ID_NV) VALUES ( 'PN036-3/2024','2024-03-27','2024-03-27','NCC000011','NV0000031')
INSERT INTO PHIEU_NHAP (ID_PN,NGAY_NHAP, NGAY_CHUNG_TU,ID_NCC,ID_NV) VALUES ( 'PN037-3/2024','2024-03-28','2024-03-28','NCC000006','NV0000031')
INSERT INTO PHIEU_NHAP (ID_PN,NGAY_NHAP, NGAY_CHUNG_TU,ID_NCC,ID_NV) VALUES ( 'PN038-3/2024','2024-03-28','2024-03-28','NCC000012','NV0000031')
INSERT INTO PHIEU_NHAP (ID_PN,NGAY_NHAP, NGAY_CHUNG_TU,ID_NCC,ID_NV) VALUES ( 'PN039-3/2024','2024-03-28','2024-03-28','NCC000003','NV0000031')
INSERT INTO PHIEU_NHAP (ID_PN,NGAY_NHAP, NGAY_CHUNG_TU,ID_NCC,ID_NV) VALUES ( 'PN040-3/2024','2024-03-29','2024-03-29','NCC000012','NV0000031')
INSERT INTO PHIEU_NHAP (ID_PN,NGAY_NHAP, NGAY_CHUNG_TU,ID_NCC,ID_NV) VALUES ( 'PN041-3/2024','2024-03-29','2024-03-29','NCC000024','NV0000031')


INSERT INTO CTPN VALUES ('PN001-1/2024','VT0000490','1500')
INSERT INTO CTPN VALUES ('PN002-1/2024','VT0000485','500')
INSERT INTO CTPN VALUES ('PN003-1/2024','VT0000210','1980')
INSERT INTO CTPN VALUES ('PN003-1/2024','VT0000171','200')
INSERT INTO CTPN VALUES ('PN003-1/2024','VT0000188','500')
INSERT INTO CTPN VALUES ('PN003-1/2024','VT0000189','500')
INSERT INTO CTPN VALUES ('PN003-1/2024','VT0000197','500')
INSERT INTO CTPN VALUES ('PN003-1/2024','VT0000198','500')
INSERT INTO CTPN VALUES ('PN003-1/2024','VT0000200','500')
INSERT INTO CTPN VALUES ('PN004-1/2024','VT0000493','30')
INSERT INTO CTPN VALUES ('PN005-1/2024','VT0000544','300')
INSERT INTO CTPN VALUES ('PN006-1/2024','VT0000471','30')
INSERT INTO CTPN VALUES ('PN006-1/2024','VT0000470','2')
INSERT INTO CTPN VALUES ('PN007-1/2024','VT0000411','4')
INSERT INTO CTPN VALUES ('PN007-1/2024','VT0000401','625')
INSERT INTO CTPN VALUES ('PN007-1/2024','VT0000363','1500')
INSERT INTO CTPN VALUES ('PN008-1/2024','VT0000084','39380')
INSERT INTO CTPN VALUES ('PN008-1/2024','VT0000045','50000')
INSERT INTO CTPN VALUES ('PN009-1/2024','VT0000019','100')
INSERT INTO CTPN VALUES ('PN010-1/2024','VT0000470','27')
INSERT INTO CTPN VALUES ('PN011-1/2024','VT0000011','800')
INSERT INTO CTPN VALUES ('PN012-1/2024','VT0000406','108')
INSERT INTO CTPN VALUES ('PN012-1/2024','VT0000407','162')
INSERT INTO CTPN VALUES ('PN012-1/2024','VT0000403','170')
INSERT INTO CTPN VALUES ('PN013-1/2024','VT0000067','30000')
INSERT INTO CTPN VALUES ('PN014-1/2024','VT0000080','500')
INSERT INTO CTPN VALUES ('PN014-1/2024','VT0000064','51000')
INSERT INTO CTPN VALUES ('PN014-1/2024','VT0000071','500')
INSERT INTO CTPN VALUES ('PN014-1/2024','VT0000025','38400')
INSERT INTO CTPN VALUES ('PN014-1/2024','VT0000076','500')
INSERT INTO CTPN VALUES ('PN014-1/2024','VT0000483','200')
INSERT INTO CTPN VALUES ('PN014-1/2024','VT0000027','30000')
INSERT INTO CTPN VALUES ('PN015-1/2024','VT0000013','271')
INSERT INTO CTPN VALUES ('PN015-1/2024','VT0000014','546')
INSERT INTO CTPN VALUES ('PN015-1/2024','VT0000016','250')
INSERT INTO CTPN VALUES ('PN015-1/2024','VT0000006','156')
INSERT INTO CTPN VALUES ('PN016-1/2024','VT0000534','30')
INSERT INTO CTPN VALUES ('PN016-1/2024','VT0000488','100')
INSERT INTO CTPN VALUES ('PN017-1/2024','VT0000098','500')
INSERT INTO CTPN VALUES ('PN017-1/2024','VT0000099','1000')
INSERT INTO CTPN VALUES ('PN017-1/2024','VT0000068','3000')
INSERT INTO CTPN VALUES ('PN017-1/2024','VT0000089','600')
INSERT INTO CTPN VALUES ('PN017-1/2024','VT0000088','5000')
INSERT INTO CTPN VALUES ('PN017-1/2024','VT0000087','10000')
INSERT INTO CTPN VALUES ('PN018-1/2024','VT0000014','390')
INSERT INTO CTPN VALUES ('PN018-1/2024','VT0000015','496')
INSERT INTO CTPN VALUES ('PN018-1/2024','VT0000016','100')
INSERT INTO CTPN VALUES ('PN019-1/2024','VT0000081','495')
INSERT INTO CTPN VALUES ('PN020-1/2024','VT0000185','1000')
INSERT INTO CTPN VALUES ('PN020-1/2024','VT0000188','1000')
INSERT INTO CTPN VALUES ('PN020-1/2024','VT0000112','50000')
INSERT INTO CTPN VALUES ('PN021-1/2024','VT0000324','10')
INSERT INTO CTPN VALUES ('PN021-1/2024','VT0000272','50')
INSERT INTO CTPN VALUES ('PN022-1/2024','VT0000470','17')
INSERT INTO CTPN VALUES ('PN022-1/2024','VT0000471','11')
INSERT INTO CTPN VALUES ('PN023-1/2024','VT0000027','30000')
INSERT INTO CTPN VALUES ('PN023-1/2024','VT0000064','9000')
INSERT INTO CTPN VALUES ('PN023-1/2024','VT0000080','400')
INSERT INTO CTPN VALUES ('PN023-1/2024','VT0000025','1600')
INSERT INTO CTPN VALUES ('PN024-1/2024','VT0000107','2400')
INSERT INTO CTPN VALUES ('PN024-1/2024','VT0000108','14040')
INSERT INTO CTPN VALUES ('PN024-1/2024','VT0000091','900')
INSERT INTO CTPN VALUES ('PN024-1/2024','VT0000090','900')
INSERT INTO CTPN VALUES ('PN024-1/2024','VT0000105','108')
INSERT INTO CTPN VALUES ('PN024-1/2024','VT0000106','1008')
INSERT INTO CTPN VALUES ('PN024-1/2024','VT0000098','2000')
INSERT INTO CTPN VALUES ('PN024-1/2024','VT0000099','5000')
INSERT INTO CTPN VALUES ('PN025-1/2024','VT0000470','13')
INSERT INTO CTPN VALUES ('PN025-1/2024','VT0000471','14')
INSERT INTO CTPN VALUES ('PN025-1/2024','VT0000470','21')
INSERT INTO CTPN VALUES ('PN026-1/2024','VT0000027','60000')
INSERT INTO CTPN VALUES ('PN027-1/2024','VT0000480','160')
INSERT INTO CTPN VALUES ('PN027-1/2024','VT0000480','40')
INSERT INTO CTPN VALUES ('PN027-1/2024','VT0000477','180')
INSERT INTO CTPN VALUES ('PN028-1/2024','VT0000490','1000')
INSERT INTO CTPN VALUES ('PN029-1/2024','VT0000474','270')
INSERT INTO CTPN VALUES ('PN029-1/2024','VT0000476','210')
INSERT INTO CTPN VALUES ('PN029-1/2024','VT0000473','300')
INSERT INTO CTPN VALUES ('PN029-1/2024','VT0000474','30')
INSERT INTO CTPN VALUES ('PN029-1/2024','VT0000477','120')
INSERT INTO CTPN VALUES ('PN030-1/2024','VT0000418','500')
INSERT INTO CTPN VALUES ('PN030-1/2024','VT0000408','18')
INSERT INTO CTPN VALUES ('PN030-1/2024','VT0000404','16')
INSERT INTO CTPN VALUES ('PN031-1/2024','VT0000006','156')
INSERT INTO CTPN VALUES ('PN031-1/2024','VT0000014','436')
INSERT INTO CTPN VALUES ('PN031-1/2024','VT0000015','127')
INSERT INTO CTPN VALUES ('PN031-1/2024','VT0000016','308')
INSERT INTO CTPN VALUES ('PN032-1/2024','VT0000020','25')
INSERT INTO CTPN VALUES ('PN032-1/2024','VT0000021','32')
INSERT INTO CTPN VALUES ('PN032-1/2024','VT0000022','50')
INSERT INTO CTPN VALUES ('PN033-1/2024','VT0000483','200')
INSERT INTO CTPN VALUES ('PN034-1/2024','VT0000493','30')
INSERT INTO CTPN VALUES ('PN034-1/2024','VT0000352','5000')
INSERT INTO CTPN VALUES ('PN034-1/2024','VT0000346','500')
INSERT INTO CTPN VALUES ('PN035-1/2024','VT0000014','1248')
INSERT INTO CTPN VALUES ('PN036-1/2024','VT0000497','20')
INSERT INTO CTPN VALUES ('PN037-1/2024','VT0000055','20000')
INSERT INTO CTPN VALUES ('PN037-1/2024','VT0000056','10000')
INSERT INTO CTPN VALUES ('PN037-1/2024','VT0000050','9605')
INSERT INTO CTPN VALUES ('PN038-1/2024','VT0000015','992')
INSERT INTO CTPN VALUES ('PN039-1/2024','VT0000471','25')
INSERT INTO CTPN VALUES ('PN039-1/2024','VT0000476','90')
INSERT INTO CTPN VALUES ('PN040-1/2024','VT0000535','100')
INSERT INTO CTPN VALUES ('PN041-1/2024','VT0000421','36')
INSERT INTO CTPN VALUES ('PN042-1/2024','VT0000050','395')
INSERT INTO CTPN VALUES ('PN042-1/2024','VT0000035','25000')
INSERT INTO CTPN VALUES ('PN042-1/2024','VT0000034','15000')
INSERT INTO CTPN VALUES ('PN043-1/2024','VT0000314','1')
INSERT INTO CTPN VALUES ('PN044-1/2024','VT0000471','36')
INSERT INTO CTPN VALUES ('PN044-1/2024','VT0000470','27')
INSERT INTO CTPN VALUES ('PN045-1/2024','VT0000221','10')
INSERT INTO CTPN VALUES ('PN045-1/2024','VT0000222','10')
INSERT INTO CTPN VALUES ('PN046-1/2024','VT0000308','1')
INSERT INTO CTPN VALUES ('PN047-1/2024','VT0000543','100')
INSERT INTO CTPN VALUES ('PN047-1/2024','VT0000544','409')
INSERT INTO CTPN VALUES ('PN001-2/2024','VT0000031','30000')
INSERT INTO CTPN VALUES ('PN002-2/2024','VT0000099','1500')
INSERT INTO CTPN VALUES ('PN003-2/2024','VT0000470','23')
INSERT INTO CTPN VALUES ('PN003-2/2024','VT0000471','14')
INSERT INTO CTPN VALUES ('PN001-3/2024','VT0000470','27')
INSERT INTO CTPN VALUES ('PN002-3/2024','VT0000525','1')
INSERT INTO CTPN VALUES ('PN003-3/2024','VT0000471','35')
INSERT INTO CTPN VALUES ('PN004-3/2024','VT0000401','700')
INSERT INTO CTPN VALUES ('PN004-3/2024','VT0000361','525')
INSERT INTO CTPN VALUES ('PN004-3/2024','VT0000370','340')
INSERT INTO CTPN VALUES ('PN005-3/2024','VT0000045','100000')
INSERT INTO CTPN VALUES ('PN005-3/2024','VT0000067','42000')
INSERT INTO CTPN VALUES ('PN005-3/2024','VT0000049','30000')
INSERT INTO CTPN VALUES ('PN005-3/2024','VT0000048','30000')
INSERT INTO CTPN VALUES ('PN006-3/2024','VT0000453','10000')
INSERT INTO CTPN VALUES ('PN006-3/2024','VT0000454','10000')
INSERT INTO CTPN VALUES ('PN006-3/2024','VT0000455','10000')
INSERT INTO CTPN VALUES ('PN006-3/2024','VT0000458','5000')
INSERT INTO CTPN VALUES ('PN006-3/2024','VT0000463','3000')
INSERT INTO CTPN VALUES ('PN007-3/2024','VT0000020','40')
INSERT INTO CTPN VALUES ('PN007-3/2024','VT0000021','50')
INSERT INTO CTPN VALUES ('PN007-3/2024','VT0000022','90')
INSERT INTO CTPN VALUES ('PN008-3/2024','VT0000471','36')
INSERT INTO CTPN VALUES ('PN009-3/2024','VT0000545','1000')
INSERT INTO CTPN VALUES ('PN009-3/2024','VT0000546','1000')
INSERT INTO CTPN VALUES ('PN009-3/2024','VT0000547','500')
INSERT INTO CTPN VALUES ('PN009-3/2024','VT0000548','1000')
INSERT INTO CTPN VALUES ('PN010-3/2024','VT0000471','17')
INSERT INTO CTPN VALUES ('PN010-3/2024','VT0000470','10')
INSERT INTO CTPN VALUES ('PN011-3/2024','VT0000025','12000')
INSERT INTO CTPN VALUES ('PN011-3/2024','VT0000023','20000')
INSERT INTO CTPN VALUES ('PN012-3/2024','VT0000328','1')
INSERT INTO CTPN VALUES ('PN012-3/2024','VT0000335','2')
INSERT INTO CTPN VALUES ('PN013-3/2024','VT0000006','1248')
INSERT INTO CTPN VALUES ('PN014-3/2024','VT0000339','50')
INSERT INTO CTPN VALUES ('PN015-3/2024','VT0000430','5')
INSERT INTO CTPN VALUES ('PN015-3/2024','VT0000401','1300')
INSERT INTO CTPN VALUES ('PN015-3/2024','VT0000363','2800')
INSERT INTO CTPN VALUES ('PN015-3/2024','VT0000368','120')
INSERT INTO CTPN VALUES ('PN015-3/2024','VT0000368','40')
INSERT INTO CTPN VALUES ('PN015-3/2024','VT0000361','150')
INSERT INTO CTPN VALUES ('PN015-3/2024','VT0000366','40')
INSERT INTO CTPN VALUES ('PN015-3/2024','VT0000411','8')
INSERT INTO CTPN VALUES ('PN016-3/2024','VT0000472','300')
INSERT INTO CTPN VALUES ('PN016-3/2024','VT0000475','300')
INSERT INTO CTPN VALUES ('PN017-3/2024','VT0000006','1248')
INSERT INTO CTPN VALUES ('PN018-3/2024','VT0000478','50')
INSERT INTO CTPN VALUES ('PN018-3/2024','VT0000479','200')
INSERT INTO CTPN VALUES ('PN018-3/2024','VT0000470','27')
INSERT INTO CTPN VALUES ('PN018-3/2024','VT0000478','150')
INSERT INTO CTPN VALUES ('PN018-3/2024','VT0000477','120')
INSERT INTO CTPN VALUES ('PN019-3/2024','VT0000045','100000')
INSERT INTO CTPN VALUES ('PN019-3/2024','VT0000067','58000')
INSERT INTO CTPN VALUES ('PN019-3/2024','VT0000084','2276')
INSERT INTO CTPN VALUES ('PN020-3/2024','VT0000490','1500')
INSERT INTO CTPN VALUES ('PN020-3/2024','VT0000498','49')
INSERT INTO CTPN VALUES ('PN021-3/2024','VT0000499','10')
INSERT INTO CTPN VALUES ('PN022-3/2024','VT0000025','11900')
INSERT INTO CTPN VALUES ('PN022-3/2024','VT0000023','18470')
INSERT INTO CTPN VALUES ('PN023-3/2024','VT0000040','10000')
INSERT INTO CTPN VALUES ('PN024-3/2024','VT0000025','18000')
INSERT INTO CTPN VALUES ('PN024-3/2024','VT0000083','4300')
INSERT INTO CTPN VALUES ('PN024-3/2024','VT0000070','2000')
INSERT INTO CTPN VALUES ('PN024-3/2024','VT0000071','1600')
INSERT INTO CTPN VALUES ('PN025-3/2024','VT0000477','80')
INSERT INTO CTPN VALUES ('PN025-3/2024','VT0000470','16')
INSERT INTO CTPN VALUES ('PN025-3/2024','VT0000471','2')
INSERT INTO CTPN VALUES ('PN026-3/2024','VT0000493','30')
INSERT INTO CTPN VALUES ('PN026-3/2024','VT0000345','500')
INSERT INTO CTPN VALUES ('PN026-3/2024','VT0000346','500')
INSERT INTO CTPN VALUES ('PN027-3/2024','VT0000402','440')
INSERT INTO CTPN VALUES ('PN027-3/2024','VT0000405','200')
INSERT INTO CTPN VALUES ('PN027-3/2024','VT0000418','18')
INSERT INTO CTPN VALUES ('PN027-3/2024','VT0000403','510')
INSERT INTO CTPN VALUES ('PN028-3/2024','VT0000006','1248')
INSERT INTO CTPN VALUES ('PN029-3/2024','VT0000361','250')
INSERT INTO CTPN VALUES ('PN029-3/2024','VT0000366','80')
INSERT INTO CTPN VALUES ('PN030-3/2024','VT0000186','500')
INSERT INTO CTPN VALUES ('PN030-3/2024','VT0000187','500')
INSERT INTO CTPN VALUES ('PN030-3/2024','VT0000189','1000')
INSERT INTO CTPN VALUES ('PN030-3/2024','VT0000185','1600')
INSERT INTO CTPN VALUES ('PN030-3/2024','VT0000188','2000')
INSERT INTO CTPN VALUES ('PN030-3/2024','VT0000199','500')
INSERT INTO CTPN VALUES ('PN030-3/2024','VT0000200','1000')
INSERT INTO CTPN VALUES ('PN030-3/2024','VT0000201','500')
INSERT INTO CTPN VALUES ('PN030-3/2024','VT0000546','2000')
INSERT INTO CTPN VALUES ('PN030-3/2024','VT0000549','1000')
INSERT INTO CTPN VALUES ('PN031-3/2024','VT0000352','5000')
INSERT INTO CTPN VALUES ('PN031-3/2024','VT0000353','500')
INSERT INTO CTPN VALUES ('PN031-3/2024','VT0000354','300')
INSERT INTO CTPN VALUES ('PN031-3/2024','VT0000356','300')
INSERT INTO CTPN VALUES ('PN032-3/2024','VT0000045','100000')
INSERT INTO CTPN VALUES ('PN032-3/2024','VT0000048','20000')
INSERT INTO CTPN VALUES ('PN032-3/2024','VT0000081','320')
INSERT INTO CTPN VALUES ('PN033-3/2024','VT0000038','20000')
INSERT INTO CTPN VALUES ('PN033-3/2024','VT0000483','300')
INSERT INTO CTPN VALUES ('PN033-3/2024','VT0000083','1700')
INSERT INTO CTPN VALUES ('PN033-3/2024','VT0000027','30000')
INSERT INTO CTPN VALUES ('PN034-3/2024','VT0000491','100')
INSERT INTO CTPN VALUES ('PN034-3/2024','VT0000497','20')
INSERT INTO CTPN VALUES ('PN035-3/2024','VT0000471','32')
INSERT INTO CTPN VALUES ('PN035-3/2024','VT0000470','27')
INSERT INTO CTPN VALUES ('PN036-3/2024','VT0000071','3400')
INSERT INTO CTPN VALUES ('PN036-3/2024','VT0000025','50000')
INSERT INTO CTPN VALUES ('PN036-3/2024','VT0000064','20000')
INSERT INTO CTPN VALUES ('PN036-3/2024','VT0000080','500')
INSERT INTO CTPN VALUES ('PN037-3/2024','VT0000471','8')
INSERT INTO CTPN VALUES ('PN037-3/2024','VT0000470','3')
INSERT INTO CTPN VALUES ('PN038-3/2024','VT0000008','992')
INSERT INTO CTPN VALUES ('PN039-3/2024','VT0000550','200')
INSERT INTO CTPN VALUES ('PN039-3/2024','VT0000551','1000')
INSERT INTO CTPN VALUES ('PN040-3/2024','VT0000008','992')
INSERT INTO CTPN VALUES ('PN041-3/2024','VT0000543','100')
INSERT INTO CTPN VALUES ('PN041-3/2024','VT0000544','200')


